dataset,step,information_end_date,execution_date,target_end_date,market_proxy_5d_return,trailing_12step_compounded_return,trailing_12step_annualized_volatility,validation_q75_volatility_threshold,regime,proposed_mean_wealth
DJIA30_2026,0,2024-01-02,2024-01-03,2024-01-10,0.011293154954910234,0.14362031142150622,0.13614707468646953,0.19076595792690793,Bull,1.0842357222330428
DJIA30_2026,1,2024-01-09,2024-01-10,2024-01-18,-0.00039154887199399635,0.1378168821479877,0.1376896766629191,0.19076595792690793,Bull,1.1134779539305255
DJIA30_2026,2,2024-01-17,2024-01-18,2024-01-25,0.020748392740885357,0.17979803077618794,0.12513669896223925,0.19076595792690793,Bull,1.1710314533781336
DJIA30_2026,3,2024-01-24,2024-01-25,2024-02-01,0.012561531861623232,0.2153245985614778,0.10448264026248741,0.19076595792690793,Bull,1.1809027051020233
DJIA30_2026,4,2024-01-31,2024-02-01,2024-02-08,0.010698272784551044,0.16431679102668806,0.05942388964462967,0.19076595792690793,Bull,1.2578147826929933
DJIA30_2026,5,2024-02-07,2024-02-08,2024-02-15,0.004645208517710442,0.15955740795005435,0.061274570416052575,0.19076595792690793,Bull,1.2824961480963746
DJIA30_2026,6,2024-02-14,2024-02-15,2024-02-23,0.012432861328125044,0.15217692876006117,0.05955353139941193,0.19076595792690793,Bull,1.3444077684555054
DJIA30_2026,7,2024-02-22,2024-02-23,2024-03-01,0.002394608656565378,0.14162035941406703,0.06267428502421238,0.19076595792690793,Bull,1.3753171996174776
DJIA30_2026,8,2024-02-29,2024-03-01,2024-03-08,-0.002596332629521636,0.11334117954234557,0.06268783572501596,0.19076595792690793,Bull,1.4033642236324144
DJIA30_2026,9,2024-03-07,2024-03-08,2024-03-15,0.0013604998588561124,0.10781888525795358,0.06447140773070145,0.19076595792690793,Bull,1.4056981287332757
DJIA30_2026,10,2024-03-14,2024-03-15,2024-03-22,0.017995254198710064,0.09731642377433669,0.053358234438248116,0.19076595792690793,Bull,1.4689842234874941
DJIA30_2026,11,2024-03-21,2024-03-22,2024-04-01,0.005147995551427309,0.10033136501375894,0.05237036150137,0.19076595792690793,Bull,1.4353266125398965
DJIA30_2026,12,2024-03-28,2024-04-01,2024-04-08,-0.016773470242818167,0.06979364421160117,0.07218298079857184,0.19076595792690793,Bull,1.4069423130602323
DJIA30_2026,13,2024-04-05,2024-04-08,2024-04-15,-0.024797072013219235,0.04367454376714286,0.09524215223432801,0.19076595792690793,Bull,1.3902989579397589
DJIA30_2026,14,2024-04-12,2024-04-15,2024-04-22,0.0066826204458871885,0.029292852267932323,0.08774017002482223,0.19076595792690793,Bull,1.3267835347015258
DJIA30_2026,15,2024-04-19,2024-04-22,2024-04-29,0.008337028821309378,0.024998544567159664,0.0859243399998421,0.19076595792690793,Bull,1.4064273842151898
DJIA30_2026,16,2024-04-26,2024-04-29,2024-05-06,0.012123237053553337,0.026443670517324325,0.086622393479124,0.19076595792690793,Bull,1.4640477144803727
DJIA30_2026,17,2024-05-03,2024-05-06,2024-05-13,0.011794171730677316,0.03374774958772342,0.08874267426321404,0.19076595792690793,Bull,1.4591315606171675
DJIA30_2026,18,2024-05-10,2024-05-13,2024-05-20,0.008742521206537957,0.02997971622806017,0.08722453522706239,0.19076595792690793,Bull,1.5016569576663394
DJIA30_2026,19,2024-05-17,2024-05-20,2024-05-28,-0.014825109640757228,0.012286124889641314,0.09421005063524125,0.19076595792690793,Bull,1.6524135104870503
DJIA30_2026,20,2024-05-24,2024-05-28,2024-06-04,0.007474843660990382,0.022507575194792073,0.09465976410983487,0.19076595792690793,Bull,1.6775889758242304
DJIA30_2026,21,2024-06-03,2024-06-04,2024-06-11,0.0009753108024597168,0.02211425158346314,0.0946738318485086,0.19076595792690793,Bull,1.7368582296557413
DJIA30_2026,22,2024-06-10,2024-06-11,2024-06-18,0.0044912974039712505,0.008555655277889374,0.08796657205066466,0.19076595792690793,Bull,1.83576219813882
DJIA30_2026,23,2024-06-17,2024-06-18,2024-06-26,0.0071375528971353575,0.010551957634750808,0.08851190857726825,0.19076595792690793,Bull,1.7934201802750145
DJIA30_2026,24,2024-06-25,2024-06-26,2024-07-03,-0.0016653796037038315,0.026079926123609987,0.07962240516853335,0.19076595792690793,Bull,1.8214552718015746
DJIA30_2026,25,2024-07-02,2024-07-03,2024-07-11,0.010389308134714836,0.06310200358730578,0.053225507022880335,0.19076595792690793,Bull,1.8199820583896127
DJIA30_2026,26,2024-07-10,2024-07-11,2024-07-18,0.015614251295725579,0.07253420640765396,0.057397014681080355,0.19076595792690793,Bull,1.7623034521176826
DJIA30_2026,27,2024-07-17,2024-07-18,2024-07-25,-0.016011546055475834,0.04663544568956679,0.07236521418500408,0.19076595792690793,Bull,1.6781822892441376
DJIA30_2026,28,2024-07-24,2024-07-25,2024-08-01,0.012674013773600334,0.0472050032461544,0.07266180082044157,0.19076595792690793,Bull,1.660002208296937
DJIA30_2026,29,2024-07-31,2024-08-01,2024-08-08,-0.021431787808736114,0.012816199634237524,0.08667538323864421,0.19076595792690793,Bull,1.5949406100491494
DJIA30_2026,30,2024-08-07,2024-08-08,2024-08-15,0.03507081866264339,0.039250820572431344,0.11072708836300763,0.19076595792690793,Bull,1.7609839338560078
DJIA30_2026,31,2024-08-14,2024-08-15,2024-08-22,0.008893042802810669,0.06427085471119431,0.10333678300667884,0.19076595792690793,Bull,1.7666234355719055
DJIA30_2026,32,2024-08-21,2024-08-22,2024-08-29,0.012330343325932747,0.06940008132263009,0.10427959289263106,0.19076595792690793,Bull,1.7294113743786153
DJIA30_2026,33,2024-08-28,2024-08-29,2024-09-06,-0.023963856697082564,0.04275611971407778,0.12069591570054486,0.19076595792690793,Bull,1.6000916590579979
DJIA30_2026,34,2024-09-05,2024-09-06,2024-09-13,0.031499789158503155,0.07079346571604983,0.13358539122905408,0.19076595792690793,Bull,1.7603791079546849
DJIA30_2026,35,2024-09-12,2024-09-13,2024-09-20,0.016161684195200587,0.0803879652955124,0.13524509980181604,0.19076595792690793,Bull,1.7615227189169906
DJIA30_2026,36,2024-09-19,2024-09-20,2024-09-27,0.007306118806203132,0.09009683315875816,0.13396755218317044,0.19076595792690793,Bull,1.803718904200761
DJIA30_2026,37,2024-09-26,2024-09-27,2024-10-04,-0.0027837495009104263,0.07588458022219147,0.1353240034739615,0.19076595792690793,Bull,1.8255936068601801
DJIA30_2026,38,2024-10-03,2024-10-04,2024-10-11,0.011718223492304558,0.07175734763120545,0.13432455410548094,0.19076595792690793,Bull,1.9062372084657906
DJIA30_2026,39,2024-10-10,2024-10-11,2024-10-18,0.015879925092061375,0.10649344477962686,0.1260759432068504,0.19076595792690793,Bull,1.9420871551328667
DJIA30_2026,40,2024-10-17,2024-10-18,2024-10-25,-0.028720806042353275,0.06126359178526841,0.1468042106851636,0.19076595792690793,Bull,1.9505835239216125
DJIA30_2026,41,2024-10-24,2024-10-25,2024-11-01,-0.0031054159005482473,0.08113866133420156,0.13599923106667347,0.19076595792690793,Bull,1.9062177654630559
DJIA30_2026,42,2024-10-31,2024-11-01,2024-11-08,0.03626641631126404,0.08238747138470037,0.13715950512963976,0.19076595792690793,Bull,2.036729564408874
DJIA30_2026,43,2024-11-07,2024-11-08,2024-11-15,-0.007182896137237549,0.06514045494070397,0.1399584707852795,0.19076595792690793,Bull,1.9830374390875125
DJIA30_2026,44,2024-11-14,2024-11-15,2024-11-22,0.022604920466740897,0.07595102467442172,0.1438037231822999,0.19076595792690793,Bull,1.9876484210281202
DJIA30_2026,45,2024-11-21,2024-11-22,2024-12-02,0.013241144021352236,0.11696462741924263,0.12717298534453914,0.19076595792690793,Bull,1.9991546334390182
DJIA30_2026,46,2024-11-29,2024-12-02,2024-12-09,-0.0064505914847056145,0.07586987081232022,0.1205774185435837,0.19076595792690793,Bull,2.0219652269661843
DJIA30_2026,47,2024-12-06,2024-12-09,2024-12-16,-0.009928866227467803,0.04824627749125332,0.12258425958720554,0.19076595792690793,Bull,1.9838860903240998
DJIA30_2026,48,2024-12-13,2024-12-16,2024-12-23,-0.014241792758305838,0.025822589534332696,0.1278205417905135,0.19076595792690793,Bull,2.036912993005153
DJIA30_2026,49,2024-12-20,2024-12-23,2024-12-31,-0.007142460346221902,0.021338843863189627,0.12891829646005304,0.19076595792690793,Bull,1.9769493433648844
DJIA30_2026,50,2024-12-30,2024-12-31,2025-01-08,-0.00012308160463969653,0.009384937551413008,0.12706184661708345,0.19076595792690793,Bull,2.01870063011321
DJIA30_2026,51,2025-01-07,2025-01-08,2025-01-16,0.008243016401926706,0.001796855130570707,0.12386715873334753,0.19076595792690793,Bull,1.9557793120156621
DJIA30_2026,52,2025-01-15,2025-01-16,2025-01-24,0.02662557363510132,0.05888222198354853,0.11617201781599827,0.19076595792690793,Bull,2.048197929021347
DJIA30_2026,53,2025-01-23,2025-01-24,2025-01-31,0.006077186266581158,0.06863580510197287,0.1147885739495872,0.19076595792690793,Bull,1.894878827265537
DJIA30_2026,54,2025-01-30,2025-01-31,2025-02-07,-0.006331348419189475,0.02470743311987844,0.09408831861274462,0.19076595792690793,Bull,1.9466434033617888
DJIA30_2026,55,2025-02-06,2025-02-07,2025-02-14,0.01263630986213693,0.0451632528545276,0.09388059119579152,0.19076595792690793,Bull,2.0306070063519304
DJIA30_2026,56,2025-02-13,2025-02-14,2025-02-24,-0.007940854628880833,0.013943647882030952,0.08636875926723224,0.19076595792690793,Bull,1.941515106761793
DJIA30_2026,57,2025-02-21,2025-02-24,2025-03-03,-0.0030669689178466353,-0.0023757718545354134,0.08234327104240723,0.19076595792690793,Bear,1.7921349803653377
DJIA30_2026,58,2025-02-28,2025-03-03,2025-03-10,-0.0263247668743134,-0.02233145670841019,0.09792432579964902,0.19076595792690793,Bear,1.7034968470477376
DJIA30_2026,59,2025-03-07,2025-03-10,2025-03-17,-0.002373007933298754,-0.014870250417474362,0.09625823209798949,0.19076595792690793,Bear,1.7877112998469624
DJIA30_2026,60,2025-03-14,2025-03-17,2025-03-24,0.011651422580083226,0.011006457029445693,0.09475448333618904,0.19076595792690793,Bull,1.8230180018544964
DJIA30_2026,61,2025-03-21,2025-03-24,2025-03-31,-0.012001389265060447,0.006058709427200659,0.09715894986140752,0.19076595792690793,Bull,1.7027745404099082
DJIA30_2026,62,2025-03-28,2025-03-31,2025-04-07,-0.09968711733818059,-0.0941208861336228,0.22743008109292195,0.19076595792690793,High volatility,1.5195484474122334
DJIA30_2026,63,2025-04-04,2025-04-07,2025-04-14,0.06173821886380515,-0.04605689182478401,0.2675124805432007,0.19076595792690793,High volatility,1.6794660418034701
DJIA30_2026,64,2025-04-11,2025-04-14,2025-04-22,-0.01754253307978315,-0.08709800952519631,0.2601242671918036,0.19076595792690793,High volatility,1.5614398144520283
DJIA30_2026,65,2025-04-21,2025-04-22,2025-04-29,0.03462154865264888,-0.06119720827974329,0.272926932442125,0.19076595792690793,High volatility,1.6858731647381764
DJIA30_2026,66,2025-04-28,2025-04-29,2025-05-06,0.00503645539283748,-0.050457082849116874,0.273580843126697,0.19076595792690793,High volatility,1.7179487752845435
DJIA30_2026,67,2025-05-05,2025-05-06,2025-05-13,0.03764306108156834,-0.027008404118055274,0.28494648122585015,0.19076595792690793,High volatility,1.8933791283676136
DJIA30_2026,68,2025-05-12,2025-05-13,2025-05-20,0.015736999114354555,-0.0037856428460230074,0.2866289048758803,0.19076595792690793,High volatility,1.9190908009052081
DJIA30_2026,69,2025-05-19,2025-05-20,2025-05-28,-0.012967850764592503,-0.013679387296948398,0.2879013262256344,0.19076595792690793,High volatility,1.9054530939401033
DJIA30_2026,70,2025-05-27,2025-05-28,2025-06-04,0.010867669185002704,0.02399607683515459,0.2825808028009994,0.19076595792690793,High volatility,1.963787974086636
DJIA30_2026,71,2025-06-03,2025-06-04,2025-06-11,0.009543083111445139,0.036227131706424665,0.2826506544461416,0.19076595792690793,High volatility,1.974017923795889
DJIA30_2026,72,2025-06-10,2025-06-11,2025-06-18,-0.0167250514030457,0.007161317546358292,0.2849752688164541,0.19076595792690793,High volatility,1.9805737712966542
DJIA30_2026,73,2025-06-17,2025-06-18,2025-06-26,0.024385513861974184,0.04425396210746246,0.28691138079773776,0.19076595792690793,High volatility,2.071160752124397
DJIA30_2026,74,2025-06-25,2025-06-26,2025-07-03,0.036756591002146344,0.2025121474371745,0.1743055639861018,0.19076595792690793,Bull,2.1439734795972782
DJIA30_2026,75,2025-07-02,2025-07-03,2025-07-11,-0.009497125943501827,0.12183183854772794,0.14724255183979,0.19076595792690793,Bull,2.173196700319476
DJIA30_2026,76,2025-07-10,2025-07-11,2025-07-18,-0.0009168426195780288,0.14081609946903284,0.1366467795281028,0.19076595792690793,Bull,2.2241134358184063
DJIA30_2026,77,2025-07-17,2025-07-18,2025-07-25,0.013833248615264804,0.11789406832235438,0.12659778739148875,0.19076595792690793,Bull,2.245210245178096
DJIA30_2026,78,2025-07-24,2025-07-25,2025-08-01,-0.030216431617736794,0.07868256204425084,0.15059996942093987,0.19076595792690793,Bull,2.1879946509882675
DJIA30_2026,79,2025-07-31,2025-08-01,2025-08-08,0.018612579504648785,0.058899411754660624,0.13702870652088736,0.19076595792690793,Bull,2.300222466887465
DJIA30_2026,80,2025-08-07,2025-08-08,2025-08-15,0.01596096952756243,0.05913289949706124,0.13711022585773713,0.19076595792690793,Bull,2.3186122989478797
DJIA30_2026,81,2025-08-14,2025-08-15,2025-08-22,0.015010178089141846,0.08915466813450901,0.13224224568146906,0.19076595792690793,Bull,2.298189126038408
DJIA30_2026,82,2025-08-21,2025-08-22,2025-08-29,-0.0018380026022593032,0.07546500116747823,0.13323209072635725,0.19076595792690793,Bull,2.277934328262964
DJIA30_2026,83,2025-08-28,2025-08-29,2025-09-08,-0.00222623348236084,0.06292716271754561,0.1340767764900208,0.19076595792690793,Bull,2.2558164639367013
DJIA30_2026,84,2025-09-05,2025-09-08,2025-09-15,0.0022792160511015958,0.08347091003195262,0.12515799883167741,0.19076595792690793,Bull,2.3082594288013945
DJIA30_2026,85,2025-09-12,2025-09-15,2025-09-22,0.005463776985804136,0.06345778880445807,0.1188567591038018,0.19076595792690793,Bull,2.366361862480228
DJIA30_2026,86,2025-09-19,2025-09-22,2025-09-29,-0.0011054217815399392,0.02462065698000071,0.09603567672830363,0.19076595792690793,Bull,2.3442942533668267
DJIA30_2026,87,2025-09-26,2025-09-29,2025-10-06,0.010062438249587968,0.04485394861265379,0.09353423574588961,0.19076595792690793,Bull,2.3748031403848873
DJIA30_2026,88,2025-10-03,2025-10-06,2025-10-13,-0.014805402358373021,0.030329115142663454,0.10075660633170239,0.19076595792690793,Bull,2.3728770855578274
DJIA30_2026,89,2025-10-10,2025-10-13,2025-10-20,0.01726013422012329,0.03381175887896992,0.10273467670887712,0.19076595792690793,Bull,2.3626264196663795
DJIA30_2026,90,2025-10-17,2025-10-20,2025-10-27,0.016492509841918856,0.08360457296668744,0.07453352317718814,0.19076595792690793,Bull,2.4498913003787584
DJIA30_2026,91,2025-10-24,2025-10-27,2025-11-03,-0.007971254984537768,0.05532457211152342,0.0750799123551694,0.19076595792690793,Bull,2.577531487538718
DJIA30_2026,92,2025-10-31,2025-11-03,2025-11-10,0.0012157380580901656,0.040008033821236744,0.07076809341445636,0.19076595792690793,Bull,2.5136877308605556
DJIA30_2026,93,2025-11-07,2025-11-10,2025-11-17,-0.006520835558573412,0.01794675044366989,0.06818093567001042,0.19076595792690793,Bull,2.404049188627263
DJIA30_2026,94,2025-11-14,2025-11-17,2025-11-24,-0.002578296264012625,0.017191783284711715,0.06836489872250254,0.19076595792690793,Bull,2.371390113357797
DJIA30_2026,95,2025-11-21,2025-11-24,2025-12-02,0.022209165493647154,0.04210272792342229,0.07971985969662637,0.19076595792690793,Bull,2.405653597472179
DJIA30_2026,96,2025-12-01,2025-12-02,2025-12-09,-0.0041057487328847175,0.035464069640851026,0.08122756157477849,0.19076595792690793,Bull,2.415648488049114
DJIA30_2026,97,2025-12-08,2025-12-09,2025-12-16,0.014545514186223407,0.044816781072331446,0.08456962503330535,0.19076595792690793,Bull,2.3624127808541617
DJIA30_2026,98,2025-12-15,2025-12-16,2025-12-23,0.0024363736311594497,0.04852140352499612,0.0839519904818656,0.19076595792690793,Bull,2.4503996967912065
DJIA30_2026,99,2025-12-22,2025-12-23,2025-12-31,-0.0005089739958444861,0.037547475988367385,0.08325840994598659,0.19076595792690793,Bull,2.432520053616501
SP500_TOP50_EX_PLTR_2026,0,2024-01-03,2024-01-04,2024-01-11,0.021994855403900226,0.14103241791354892,0.13435397143479905,0.21537088764071374,Bull,1.0223221585565638
SP500_TOP50_EX_PLTR_2026,1,2024-01-10,2024-01-11,2024-01-19,0.017395068407058734,0.156039749675982,0.13391321796241862,0.21537088764071374,Bull,1.0147489590583494
SP500_TOP50_EX_PLTR_2026,2,2024-01-18,2024-01-19,2024-01-26,0.016652371883392414,0.20743438635077083,0.10176547034416687,0.21537088764071374,Bull,0.9699083864019228
SP500_TOP50_EX_PLTR_2026,3,2024-01-25,2024-01-26,2024-02-02,0.016975036859512294,0.2392848470501523,0.08495236680810976,0.21537088764071374,Bull,0.9947733125392553
SP500_TOP50_EX_PLTR_2026,4,2024-02-01,2024-02-02,2024-02-09,0.009749436378478915,0.1985772892715736,0.0632795822521822,0.21537088764071374,Bull,1.0175664687066774
SP500_TOP50_EX_PLTR_2026,5,2024-02-08,2024-02-09,2024-02-16,0.0020296311378478205,0.18337052527388265,0.06885248919603201,0.21537088764071374,Bull,1.0083760405333233
SP500_TOP50_EX_PLTR_2026,6,2024-02-15,2024-02-16,2024-02-26,0.013681646585464557,0.16537382126069322,0.0599553688989979,0.21537088764071374,Bull,1.026333030052773
SP500_TOP50_EX_PLTR_2026,7,2024-02-23,2024-02-26,2024-03-04,0.013077018260955864,0.17800702737393026,0.05504201209281804,0.21537088764071374,Bull,1.0348244526100456
SP500_TOP50_EX_PLTR_2026,8,2024-03-01,2024-03-04,2024-03-11,-0.004125479459762604,0.16799065996800522,0.06378336628929579,0.21537088764071374,Bull,1.00023810923842
SP500_TOP50_EX_PLTR_2026,9,2024-03-08,2024-03-11,2024-03-18,0.006365655660629299,0.15528419339910027,0.06433749973109071,0.21537088764071374,Bull,0.9891206340502465
SP500_TOP50_EX_PLTR_2026,10,2024-03-15,2024-03-18,2024-03-25,0.0061502528190613415,0.13059512362319148,0.054303205529412896,0.21537088764071374,Bull,0.9993518799415204
SP500_TOP50_EX_PLTR_2026,11,2024-03-22,2024-03-25,2024-04-02,-0.0009529757499694425,0.1253005694336642,0.05765596874570154,0.21537088764071374,Bull,0.9758666704141163
SP500_TOP50_EX_PLTR_2026,12,2024-04-01,2024-04-02,2024-04-09,0.0015241408348083407,0.10276062548041454,0.053088634244490666,0.21537088764071374,Bull,0.9932887609997886
SP500_TOP50_EX_PLTR_2026,13,2024-04-08,2024-04-09,2024-04-16,-0.029161385297775233,0.05229780567524589,0.08946166011999433,0.21537088764071374,Bull,0.9426089598641679
SP500_TOP50_EX_PLTR_2026,14,2024-04-15,2024-04-16,2024-04-23,0.009766819477081246,0.04517083495407337,0.08616867918943452,0.21537088764071374,Bull,0.8994119828742292
SP500_TOP50_EX_PLTR_2026,15,2024-04-22,2024-04-23,2024-04-30,-0.00617906093597409,0.021374786036050697,0.08289808044984424,0.21537088764071374,Bull,1.0005966634676158
SP500_TOP50_EX_PLTR_2026,16,2024-04-29,2024-04-30,2024-05-07,0.023472313880920304,0.03525565644596673,0.0930551707722503,0.21537088764071374,Bull,1.009589523468713
SP500_TOP50_EX_PLTR_2026,17,2024-05-06,2024-05-07,2024-05-14,0.00821435809135429,0.04164546106174494,0.09363003171603695,0.21537088764071374,Bull,1.015678630066875
SP500_TOP50_EX_PLTR_2026,18,2024-05-13,2024-05-14,2024-05-21,0.01685190320014951,0.04490317360316376,0.0954200525445529,0.21537088764071374,Bull,1.0539220182841318
SP500_TOP50_EX_PLTR_2026,19,2024-05-20,2024-05-21,2024-05-29,-0.01966952800750732,0.011127883567272567,0.10397143894292181,0.21537088764071374,Bull,1.0489968106015697
SP500_TOP50_EX_PLTR_2026,20,2024-05-28,2024-05-29,2024-06-05,0.011222831010818446,0.026711277220152763,0.10524050801918844,0.21537088764071374,Bull,1.0549888264977891
SP500_TOP50_EX_PLTR_2026,21,2024-06-04,2024-06-05,2024-06-12,0.005033223628997829,0.025351907506658833,0.10503992184292886,0.21537088764071374,Bull,1.0713869141516017
SP500_TOP50_EX_PLTR_2026,22,2024-06-11,2024-06-12,2024-06-20,0.020339169502258336,0.03981160947046236,0.11132811399381275,0.21537088764071374,Bull,1.0991684785399831
SP500_TOP50_EX_PLTR_2026,23,2024-06-18,2024-06-20,2024-06-27,0.005732330083846993,0.0467696989798938,0.11098070395109781,0.21537088764071374,Bull,1.135778735671575
SP500_TOP50_EX_PLTR_2026,24,2024-06-26,2024-06-27,2024-07-05,0.019538925886154246,0.06559833261589043,0.11525089511824801,0.21537088764071374,Bull,1.263210802956764
SP500_TOP50_EX_PLTR_2026,25,2024-07-03,2024-07-05,2024-07-12,0.001649951934814542,0.09941704262958706,0.08662147264091505,0.21537088764071374,Bull,1.2512987022340638
SP500_TOP50_EX_PLTR_2026,26,2024-07-11,2024-07-12,2024-07-19,-0.005549329519271895,0.08274107852654322,0.09077579578691601,0.21537088764071374,Bull,1.1904695445014184
SP500_TOP50_EX_PLTR_2026,27,2024-07-18,2024-07-19,2024-07-26,-0.0025195288658141912,0.0867280399043937,0.08867851689396444,0.21537088764071374,Bull,1.1319287140936543
SP500_TOP50_EX_PLTR_2026,28,2024-07-25,2024-07-26,2024-08-02,-0.01610851287841797,0.04470091938672449,0.0920802148252829,0.21537088764071374,Bull,1.090909037293194
SP500_TOP50_EX_PLTR_2026,29,2024-08-01,2024-08-02,2024-08-09,0.003250166177749536,0.0395570768947644,0.09153240942690483,0.21537088764071374,Bull,1.0775136635825961
SP500_TOP50_EX_PLTR_2026,30,2024-08-08,2024-08-09,2024-08-16,0.03403830170631417,0.057127228592558366,0.10840102139771965,0.21537088764071374,Bull,1.1623795850046854
SP500_TOP50_EX_PLTR_2026,31,2024-08-15,2024-08-16,2024-08-23,0.014580831527710059,0.09406067979924493,0.09494517126881706,0.21537088764071374,Bull,1.1839635170464535
SP500_TOP50_EX_PLTR_2026,32,2024-08-22,2024-08-23,2024-08-30,0.00836566448211662,0.09096945849882543,0.09462577334723904,0.21537088764071374,Bull,1.1615102937657977
SP500_TOP50_EX_PLTR_2026,33,2024-08-29,2024-08-30,2024-09-09,-0.020835063457488978,0.06288928115589787,0.11098070391645772,0.21537088764071374,Bull,1.127578233575995
SP500_TOP50_EX_PLTR_2026,34,2024-09-06,2024-09-09,2024-09-16,0.03080090761184695,0.0737872939258728,0.11927737024154428,0.21537088764071374,Bull,1.1850155739876114
SP500_TOP50_EX_PLTR_2026,35,2024-09-13,2024-09-16,2024-09-23,0.011049423217773358,0.0794641791935018,0.11970360803147093,0.21537088764071374,Bull,1.253605009636638
SP500_TOP50_EX_PLTR_2026,36,2024-09-20,2024-09-23,2024-09-30,0.006731355190277011,0.06590382025313923,0.11614713271214497,0.21537088764071374,Bull,1.2838049973345367
SP500_TOP50_EX_PLTR_2026,37,2024-09-27,2024-09-30,2024-10-07,-0.008407032489776589,0.055201700118563846,0.11943860212241525,0.21537088764071374,Bull,1.2588177477933165
SP500_TOP50_EX_PLTR_2026,38,2024-10-04,2024-10-07,2024-10-14,0.024322091341018703,0.08689796722600995,0.12341217434393134,0.21537088764071374,Bull,1.2407527717694058
SP500_TOP50_EX_PLTR_2026,39,2024-10-11,2024-10-14,2024-10-21,-0.0007154178619385165,0.08886380479326861,0.12282144906737477,0.21537088764071374,Bull,1.242118538403475
SP500_TOP50_EX_PLTR_2026,40,2024-10-18,2024-10-21,2024-10-28,-0.0030202972888946356,0.10334841454068666,0.11402775555256164,0.21537088764071374,Bull,1.3151811219579959
SP500_TOP50_EX_PLTR_2026,41,2024-10-25,2024-10-28,2024-11-04,-0.01501125335693354,0.08326498074708066,0.12351440887376278,0.21537088764071374,Bull,1.267609133300055
SP500_TOP50_EX_PLTR_2026,42,2024-11-01,2024-11-04,2024-11-11,0.053270323276519704,0.10341256661657705,0.14698712944204387,0.21537088764071374,Bull,1.5236007096881612
SP500_TOP50_EX_PLTR_2026,43,2024-11-08,2024-11-11,2024-11-18,-0.01204535603523249,0.07445512030468238,0.1519259215132186,0.21537088764071374,Bull,1.4882598752889389
SP500_TOP50_EX_PLTR_2026,44,2024-11-15,2024-11-18,2024-11-25,0.018272193670272774,0.08501093491200407,0.15391384765269145,0.21537088764071374,Bull,1.5009198463904851
SP500_TOP50_EX_PLTR_2026,45,2024-11-22,2024-11-25,2024-12-03,0.007617781162261972,0.11653948172740769,0.14079494078478968,0.21537088764071374,Bull,1.539270561006515
SP500_TOP50_EX_PLTR_2026,46,2024-12-02,2024-12-03,2024-12-10,-0.0005008471012115656,0.08263415168123256,0.1334216262033055,0.21537088764071374,Bull,1.614591185651986
SP500_TOP50_EX_PLTR_2026,47,2024-12-09,2024-12-10,2024-12-17,-0.0020706343650818138,0.06858516249728441,0.13421264038439948,0.21537088764071374,Bull,1.7288967074267252
SP500_TOP50_EX_PLTR_2026,48,2024-12-16,2024-12-17,2024-12-24,-0.002080084085464451,0.05923234635446817,0.13511528073893747,0.21537088764071374,Bull,1.7180627346494783
SP500_TOP50_EX_PLTR_2026,49,2024-12-23,2024-12-24,2025-01-02,-0.023938713073730522,0.042641205627565126,0.14550988089321637,0.21537088764071374,Bull,1.5567594547557637
SP500_TOP50_EX_PLTR_2026,50,2024-12-31,2025-01-02,2025-01-10,-0.00943069338798519,0.008284781549017683,0.1398994739283876,0.21537088764071374,Bull,1.5695897713383156
SP500_TOP50_EX_PLTR_2026,51,2025-01-08,2025-01-10,2025-01-17,0.02971058368682855,0.038984819229344936,0.15172377317991345,0.21537088764071374,Bull,1.6414269312257144
SP500_TOP50_EX_PLTR_2026,52,2025-01-16,2025-01-17,2025-01-27,0.02174143552780161,0.06478982250513932,0.1553673146349786,0.21537088764071374,Bull,1.5851742186230957
SP500_TOP50_EX_PLTR_2026,53,2025-01-24,2025-01-27,2025-02-03,0.005496779680252084,0.08695935990545567,0.14851962941547875,0.21537088764071374,Bull,1.5645339800612905
SP500_TOP50_EX_PLTR_2026,54,2025-01-31,2025-02-03,2025-02-10,0.009598697423935043,0.0418908894152894,0.10779391754743486,0.21537088764071374,Bull,1.5601207252448899
SP500_TOP50_EX_PLTR_2026,55,2025-02-07,2025-02-10,2025-02-18,0.00828459978103635,0.06333073574485559,0.10224291639213576,0.21537088764071374,Bull,1.5807466954899005
SP500_TOP50_EX_PLTR_2026,56,2025-02-14,2025-02-18,2025-02-25,-0.019171218872070295,0.024230452289270676,0.10892822943053737,0.21537088764071374,Bull,1.4463604022196392
SP500_TOP50_EX_PLTR_2026,57,2025-02-24,2025-02-25,2025-03-04,-0.021673926115036046,-0.005544189597602278,0.11827591450207384,0.21537088764071374,Bear,1.3554891717972077
SP500_TOP50_EX_PLTR_2026,58,2025-03-03,2025-03-04,2025-03-11,-0.038616329431533813,-0.04346734617031933,0.14194515950644482,0.21537088764071374,Bear,1.233932858102878
SP500_TOP50_EX_PLTR_2026,59,2025-03-10,2025-03-11,2025-03-18,0.004621984958648628,-0.037052354144579414,0.14291597671613657,0.21537088764071374,Bear,1.2244032178594852
SP500_TOP50_EX_PLTR_2026,60,2025-03-17,2025-03-18,2025-03-25,0.028955919742584157,-0.007104012252243885,0.15722376346245232,0.21537088764071374,Bear,1.388624878700602
SP500_TOP50_EX_PLTR_2026,61,2025-03-24,2025-03-25,2025-04-01,-0.01885874152183531,-0.0019364234549938963,0.1540469923313922,0.21537088764071374,Bear,1.3014235553161637
SP500_TOP50_EX_PLTR_2026,62,2025-03-31,2025-04-01,2025-04-08,-0.10696954488754273,-0.10021321673935368,0.2686389712488593,0.21537088764071374,High volatility,1.1017279950083627
SP500_TOP50_EX_PLTR_2026,63,2025-04-07,2025-04-08,2025-04-15,0.07227956295013427,-0.0630153812263139,0.30743582440886574,0.21537088764071374,High volatility,1.2475203921352886
SP500_TOP50_EX_PLTR_2026,64,2025-04-14,2025-04-15,2025-04-23,0.0013115942478179043,-0.08175049989500527,0.3022453058401365,0.21537088764071374,High volatility,1.2245937237709523
SP500_TOP50_EX_PLTR_2026,65,2025-04-22,2025-04-23,2025-04-30,0.03749362587928773,-0.05253003035104098,0.3147857732580657,0.21537088764071374,High volatility,1.3321713083532032
SP500_TOP50_EX_PLTR_2026,66,2025-04-29,2025-04-30,2025-05-07,0.011730260848999086,-0.050529639167095075,0.3152240978472027,0.21537088764071374,High volatility,1.3536972391281152
SP500_TOP50_EX_PLTR_2026,67,2025-05-06,2025-05-07,2025-05-14,0.03247746586799627,-0.027747966910912303,0.32312755004636495,0.21537088764071374,High volatility,1.5176788196441884
SP500_TOP50_EX_PLTR_2026,68,2025-05-13,2025-05-14,2025-05-21,0.001502918004989695,-0.007254612721235398,0.3206771047215835,0.21537088764071374,High volatility,1.4913883172991453
SP500_TOP50_EX_PLTR_2026,69,2025-05-20,2025-05-21,2025-05-29,0.01213127136230474,0.027048831455009692,0.3175052365777212,0.21537088764071374,High volatility,1.5374725832025713
SP500_TOP50_EX_PLTR_2026,70,2025-05-28,2025-05-29,2025-06-05,0.005577812194824228,0.07426155505751209,0.30346239639501116,0.21537088764071374,High volatility,1.445947783455678
SP500_TOP50_EX_PLTR_2026,71,2025-06-04,2025-06-05,2025-06-12,0.019520181417465254,0.09019248224706522,0.3044944238987078,0.21537088764071374,High volatility,1.5265717431848906
SP500_TOP50_EX_PLTR_2026,72,2025-06-11,2025-06-12,2025-06-20,-0.01662935376167296,0.041894278677809815,0.30451730431987356,0.21537088764071374,High volatility,1.518897157838858
SP500_TOP50_EX_PLTR_2026,73,2025-06-18,2025-06-20,2025-06-27,0.032734332084655815,0.09668203502329709,0.3048980863850994,0.21537088764071374,High volatility,1.5739983371188966
SP500_TOP50_EX_PLTR_2026,74,2025-06-26,2025-06-27,2025-07-07,0.007304977178573591,0.2370163480283356,0.1636818316161369,0.21537088764071374,Bull,1.5170540264336545
SP500_TOP50_EX_PLTR_2026,75,2025-07-03,2025-07-07,2025-07-14,-0.0005821585655212402,0.15296071200336203,0.11369857575031148,0.21537088764071374,Bull,1.5652243195850806
SP500_TOP50_EX_PLTR_2026,76,2025-07-11,2025-07-14,2025-07-21,0.003077710866928207,0.1549943078254301,0.11298987673714603,0.21537088764071374,Bull,1.5983951985446476
SP500_TOP50_EX_PLTR_2026,77,2025-07-18,2025-07-21,2025-07-28,0.008251647949218732,0.12244054824916017,0.09787231825801784,0.21537088764071374,Bull,1.6033931395500516
SP500_TOP50_EX_PLTR_2026,78,2025-07-25,2025-07-28,2025-08-04,-0.013589308261871325,0.09435034265385767,0.10869198263009439,0.21537088764071374,Bull,1.5520166645261562
SP500_TOP50_EX_PLTR_2026,79,2025-08-01,2025-08-04,2025-08-11,-0.0002819287776947288,0.059627788466676046,0.09416817871432533,0.21537088764071374,Bull,1.6209597317834086
SP500_TOP50_EX_PLTR_2026,80,2025-08-08,2025-08-11,2025-08-18,0.020535451173782304,0.07976492503212951,0.09896159428041092,0.21537088764071374,Bull,1.6379984030832038
SP500_TOP50_EX_PLTR_2026,81,2025-08-15,2025-08-18,2025-08-25,0.001085683107376001,0.06798123737077888,0.09867249201847243,0.21537088764071374,Bull,1.6538379911329968
SP500_TOP50_EX_PLTR_2026,82,2025-08-22,2025-08-25,2025-09-02,0.0028534710407257524,0.06508783101128146,0.0988310758844589,0.21537088764071374,Bull,1.6173154202962885
SP500_TOP50_EX_PLTR_2026,83,2025-08-29,2025-09-02,2025-09-09,0.014873410463333236,0.06023337174019394,0.09620380105350121,0.21537088764071374,Bull,1.6759890640157777
SP500_TOP50_EX_PLTR_2026,84,2025-09-08,2025-09-09,2025-09-16,0.011302670240402213,0.09034863306158059,0.08368742499393196,0.21537088764071374,Bull,1.8268725161856707
SP500_TOP50_EX_PLTR_2026,85,2025-09-15,2025-09-16,2025-09-23,0.007019307613372883,0.06319901586544208,0.061536926766166115,0.21537088764071374,Bull,1.8412587891506647
SP500_TOP50_EX_PLTR_2026,86,2025-09-22,2025-09-23,2025-09-30,-0.0006300818920135232,0.0548236507219948,0.062408802834584685,0.21537088764071374,Bull,1.8760247734548368
SP500_TOP50_EX_PLTR_2026,87,2025-09-29,2025-09-30,2025-10-07,0.004731462001800635,0.06043184822758363,0.06137038605723973,0.21537088764071374,Bull,1.8815384786498512
SP500_TOP50_EX_PLTR_2026,88,2025-10-06,2025-10-07,2025-10-14,-0.001285092830657919,0.05581958744423199,0.06261430978817441,0.21537088764071374,Bull,1.8671603507880625
SP500_TOP50_EX_PLTR_2026,89,2025-10-13,2025-10-14,2025-10-21,0.014333961009979301,0.062188855750989536,0.0654293937589527,0.21537088764071374,Bull,1.9238611280055573
SP500_TOP50_EX_PLTR_2026,90,2025-10-20,2025-10-21,2025-10-28,0.012729606628417933,0.09052964557217869,0.051844938163505064,0.21537088764071374,Bull,1.9921662498161012
SP500_TOP50_EX_PLTR_2026,91,2025-10-27,2025-10-28,2025-11-04,-0.0181458425521851,0.07104302417580022,0.0725590708217988,0.21537088764071374,Bull,1.9292695980007823
SP500_TOP50_EX_PLTR_2026,92,2025-11-03,2025-11-04,2025-11-11,0.014132610559463465,0.0643232989893916,0.06761262907017924,0.21537088764071374,Bull,1.9204513595933606
SP500_TOP50_EX_PLTR_2026,93,2025-11-10,2025-11-11,2025-11-18,-0.022389699220657366,0.03936499942920246,0.08821512803892345,0.21537088764071374,Bull,1.8154513605974447
SP500_TOP50_EX_PLTR_2026,94,2025-11-17,2025-11-18,2025-11-25,0.016420736312866113,0.05342621681443105,0.09219685293962347,0.21537088764071374,Bull,1.860024096807188
SP500_TOP50_EX_PLTR_2026,95,2025-11-24,2025-11-25,2025-12-03,0.01338308095932006,0.051879272973914814,0.09147069519664562,0.21537088764071374,Bull,1.925421089349521
SP500_TOP50_EX_PLTR_2026,96,2025-12-02,2025-12-03,2025-12-10,0.001224355697631907,0.04139658516341882,0.09025956187806514,0.21537088764071374,Bull,1.9411730549330095
SP500_TOP50_EX_PLTR_2026,97,2025-12-09,2025-12-10,2025-12-17,-0.008658744096755933,0.02518332153529723,0.09310127948645812,0.21537088764071374,Bull,1.9133869221626916
SP500_TOP50_EX_PLTR_2026,98,2025-12-16,2025-12-17,2025-12-24,0.02155350804328915,0.04793990646083324,0.10084042055800893,0.21537088764071374,Bull,1.9824437673621809
TAIWAN50_0050_EX_LATE_HISTORY_2026_PREVCLOSE_ADJUSTED,0,2024-01-03,2024-01-04,2024-01-11,-0.00578443706035614,0.052543524914861583,0.14905292425711286,0.1721823997837054,Bull,0.9889889661566066
TAIWAN50_0050_EX_LATE_HISTORY_2026_PREVCLOSE_ADJUSTED,1,2024-01-10,2024-01-11,2024-01-18,-0.024552304636348388,0.052589283053072755,0.14901505073398433,0.1721823997837054,Bull,0.9741720034934597
TAIWAN50_0050_EX_LATE_HISTORY_2026_PREVCLOSE_ADJUSTED,2,2024-01-17,2024-01-18,2024-01-25,0.03387454152107239,0.10001176838107972,0.15604665825540273,0.1721823997837054,Bull,1.0135619174877637
TAIWAN50_0050_EX_LATE_HISTORY_2026_PREVCLOSE_ADJUSTED,3,2024-01-24,2024-01-25,2024-02-01,0.010740980505943298,0.13980589973131075,0.1378157188207797,0.1721823997837054,Bull,1.0380873183159687
TAIWAN50_0050_EX_LATE_HISTORY_2026_PREVCLOSE_ADJUSTED,4,2024-01-31,2024-02-01,2024-02-19,0.025515763597054875,0.11281321248564669,0.1124442042713272,0.1721823997837054,Bull,1.0828247422557589
TAIWAN50_0050_EX_LATE_HISTORY_2026_PREVCLOSE_ADJUSTED,5,2024-02-16,2024-02-19,2024-02-26,0.007508638230237175,0.09764778430123422,0.10899556497628689,0.1721823997837054,Bull,1.0952130569751066
TAIWAN50_0050_EX_LATE_HISTORY_2026_PREVCLOSE_ADJUSTED,6,2024-02-23,2024-02-26,2024-03-05,0.015079334378242493,0.10231481145428467,0.10986819846569403,0.1721823997837054,Bull,1.123315444378216
TAIWAN50_0050_EX_LATE_HISTORY_2026_PREVCLOSE_ADJUSTED,7,2024-03-04,2024-03-05,2024-03-12,0.021037150513042002,0.124218878267083,0.11151625377448979,0.1721823997837054,Bull,1.1388631089094292
TAIWAN50_0050_EX_LATE_HISTORY_2026_PREVCLOSE_ADJUSTED,8,2024-03-11,2024-03-12,2024-03-19,-0.009184945713390014,0.1125301920762849,0.11713344780468923,0.1721823997837054,Bull,1.1112793637941978
TAIWAN50_0050_EX_LATE_HISTORY_2026_PREVCLOSE_ADJUSTED,9,2024-03-18,2024-03-19,2024-03-26,0.010861717841841978,0.11949471839894588,0.11674044050025349,0.1721823997837054,Bull,1.1195779224510507
TAIWAN50_0050_EX_LATE_HISTORY_2026_PREVCLOSE_ADJUSTED,10,2024-03-25,2024-03-26,2024-04-02,0.008877141909165776,0.12248608606700495,0.1165129713362091,0.1721823997837054,Bull,1.135584557715953
TAIWAN50_0050_EX_LATE_HISTORY_2026_PREVCLOSE_ADJUSTED,11,2024-04-01,2024-04-02,2024-04-11,0.004387405785647225,0.10140944449078382,0.11267065001535864,0.1721823997837054,Bull,1.1449100483126373
TAIWAN50_0050_EX_LATE_HISTORY_2026_PREVCLOSE_ADJUSTED,12,2024-04-10,2024-04-11,2024-04-18,-0.03188658031550318,0.0724930322213293,0.13747870682336102,0.1721823997837054,Bull,1.1000671352921674
TAIWAN50_0050_EX_LATE_HISTORY_2026_PREVCLOSE_ADJUSTED,13,2024-04-17,2024-04-18,2024-04-25,-0.014920402656901977,0.08308319283075516,0.1288079741224609,0.1721823997837054,Bull,1.074796430237463
TAIWAN50_0050_EX_LATE_HISTORY_2026_PREVCLOSE_ADJUSTED,14,2024-04-24,2024-04-25,2024-05-03,0.02965588461269042,0.07866374326478964,0.12498209652610673,0.1721823997837054,Bull,1.1301754379692202
TAIWAN50_0050_EX_LATE_HISTORY_2026_PREVCLOSE_ADJUSTED,15,2024-05-02,2024-05-03,2024-05-10,0.022067716175859564,0.09075164642922529,0.12885025484759677,0.1721823997837054,Bull,1.1393961016203409
TAIWAN50_0050_EX_LATE_HISTORY_2026_PREVCLOSE_ADJUSTED,16,2024-05-09,2024-05-10,2024-05-17,0.019744908267801398,0.08461369109481964,0.12563891845830272,0.1721823997837054,Bull,1.1850783694179605
TAIWAN50_0050_EX_LATE_HISTORY_2026_PREVCLOSE_ADJUSTED,17,2024-05-16,2024-05-17,2024-05-24,0.003736260262402702,0.08055261148056947,0.12579785518577757,0.1721823997837054,Bull,1.202715244095348
TAIWAN50_0050_EX_LATE_HISTORY_2026_PREVCLOSE_ADJUSTED,18,2024-05-23,2024-05-24,2024-05-31,-0.010639938441189822,0.05317442884084356,0.12887945287502453,0.1721823997837054,Bull,1.1928287295747024
TAIWAN50_0050_EX_LATE_HISTORY_2026_PREVCLOSE_ADJUSTED,19,2024-05-30,2024-05-31,2024-06-07,0.009962740269574333,0.04175145008140002,0.12427614933161726,0.1721823997837054,Bull,1.2123672915036374
TAIWAN50_0050_EX_LATE_HISTORY_2026_PREVCLOSE_ADJUSTED,20,2024-06-06,2024-06-07,2024-06-17,0.023213874210010976,0.07581584735726721,0.12677069710531066,0.1721823997837054,Bull,1.2565137419111547
TAIWAN50_0050_EX_LATE_HISTORY_2026_PREVCLOSE_ADJUSTED,21,2024-06-14,2024-06-17,2024-06-24,0.02363053777001123,0.08940514309210212,0.1315089684374886,0.1721823997837054,Bull,1.3108867949360326
TAIWAN50_0050_EX_LATE_HISTORY_2026_PREVCLOSE_ADJUSTED,22,2024-06-21,2024-06-24,2024-07-01,0.003226853229782778,0.08330385157544962,0.13171191080626876,0.1721823997837054,Bull,1.3160078061315483
TAIWAN50_0050_EX_LATE_HISTORY_2026_PREVCLOSE_ADJUSTED,23,2024-06-28,2024-07-01,2024-07-08,0.03685947846282622,0.11832731084743231,0.14506686650495637,0.1721823997837054,Bull,1.3763930434168197
TAIWAN50_0050_EX_LATE_HISTORY_2026_PREVCLOSE_ADJUSTED,24,2024-07-05,2024-07-08,2024-07-15,-0.005208428610454896,0.14914488350788502,0.11790943748526607,0.1721823997837054,Bull,1.365186276406266
TAIWAN50_0050_EX_LATE_HISTORY_2026_PREVCLOSE_ADJUSTED,25,2024-07-12,2024-07-15,2024-07-22,-0.04431872340765863,0.11485026410294297,0.15724126861607107,0.1721823997837054,Bull,1.2774557087806755
TAIWAN50_0050_EX_LATE_HISTORY_2026_PREVCLOSE_ADJUSTED,26,2024-07-19,2024-07-22,2024-07-31,0.0027215765281156656,0.08568739432260508,0.15084556648157602,0.1721823997837054,Bull,1.3129716197359607
TAIWAN50_0050_EX_LATE_HISTORY_2026_PREVCLOSE_ADJUSTED,27,2024-07-30,2024-07-31,2024-08-07,-0.03311901336366485,0.027065508857783582,0.16723605716334133,0.1721823997837054,Bull,1.2620401958924226
TAIWAN50_0050_EX_LATE_HISTORY_2026_PREVCLOSE_ADJUSTED,28,2024-08-06,2024-08-07,2024-08-14,0.04079159687865874,0.048263288589383446,0.1820915181138593,0.1721823997837054,High volatility,1.3096986290083115
TAIWAN50_0050_EX_LATE_HISTORY_2026_PREVCLOSE_ADJUSTED,29,2024-08-13,2024-08-14,2024-08-21,0.0034405331720004373,0.04795444266582516,0.1820962606537347,0.1721823997837054,High volatility,1.3281850969087432
TAIWAN50_0050_EX_LATE_HISTORY_2026_PREVCLOSE_ADJUSTED,30,2024-08-20,2024-08-21,2024-08-28,0.004459095272150826,0.06394770950027384,0.1790570463769146,0.1721823997837054,High volatility,1.3340791492414574
TAIWAN50_0050_EX_LATE_HISTORY_2026_PREVCLOSE_ADJUSTED,31,2024-08-27,2024-08-28,2024-09-04,-0.046728380701758665,0.004226309985720045,0.20791017784826857,0.1721823997837054,High volatility,1.2723319762022123
TAIWAN50_0050_EX_LATE_HISTORY_2026_PREVCLOSE_ADJUSTED,32,2024-09-03,2024-09-04,2024-09-11,-0.008914282376116023,-0.027305651169556522,0.20235511614643378,0.1721823997837054,High volatility,1.2402619261449177
TAIWAN50_0050_EX_LATE_HISTORY_2026_PREVCLOSE_ADJUSTED,33,2024-09-10,2024-09-11,2024-09-19,0.037918886000459784,-0.013728295800541912,0.21248945032321162,0.1721823997837054,High volatility,1.3026095561111435
TAIWAN50_0050_EX_LATE_HISTORY_2026_PREVCLOSE_ADJUSTED,34,2024-09-18,2024-09-19,2024-09-26,0.027510307051918703,0.010144752760610443,0.2202521300491763,0.1721823997837054,High volatility,1.3568350676779837
TAIWAN50_0050_EX_LATE_HISTORY_2026_PREVCLOSE_ADJUSTED,35,2024-09-25,2024-09-26,2024-10-07,-0.01498455215584149,-0.040363514347143914,0.2071201744454624,0.1721823997837054,High volatility,1.3067828167229172
TAIWAN50_0050_EX_LATE_HISTORY_2026_PREVCLOSE_ADJUSTED,36,2024-10-04,2024-10-07,2024-10-15,0.014443760568445319,-0.021405816773689246,0.21007048908323916,0.1721823997837054,High volatility,1.3310882512374174
TAIWAN50_0050_EX_LATE_HISTORY_2026_PREVCLOSE_ADJUSTED,37,2024-10-14,2024-10-15,2024-10-22,0.012096115133979124,0.03636159396951366,0.18790501940776408,0.1721823997837054,High volatility,1.351484664179409
TAIWAN50_0050_EX_LATE_HISTORY_2026_PREVCLOSE_ADJUSTED,38,2024-10-21,2024-10-22,2024-10-29,-0.02183831957253546,0.010977744986502724,0.19486542861288925,0.1721823997837054,High volatility,1.3093980279146171
TAIWAN50_0050_EX_LATE_HISTORY_2026_PREVCLOSE_ADJUSTED,39,2024-10-28,2024-10-29,2024-11-06,0.010878216136585683,0.05698156601576776,0.1795646200925243,0.1721823997837054,High volatility,1.2945744243898463
TAIWAN50_0050_EX_LATE_HISTORY_2026_PREVCLOSE_ADJUSTED,40,2024-11-05,2024-11-06,2024-11-13,-0.008675477721474367,0.006745009404556246,0.16205409376741772,0.1721823997837054,Bull,1.2968308845145238
TAIWAN50_0050_EX_LATE_HISTORY_2026_PREVCLOSE_ADJUSTED,41,2024-11-12,2024-11-13,2024-11-20,-0.003152607516808903,0.00013015654050185788,0.16212525238551517,0.1721823997837054,Bull,1.2852514741643617
TAIWAN50_0050_EX_LATE_HISTORY_2026_PREVCLOSE_ADJUSTED,42,2024-11-19,2024-11-20,2024-11-27,-0.007427910512143865,-0.01170561956208127,0.16254134222208663,0.1721823997837054,Bear,1.2820792407362498
TAIWAN50_0050_EX_LATE_HISTORY_2026_PREVCLOSE_ADJUSTED,43,2024-11-26,2024-11-27,2024-12-04,0.027555599808692932,0.06530752024909225,0.13524277497141274,0.1721823997837054,Bull,1.3596480825482704
TAIWAN50_0050_EX_LATE_HISTORY_2026_PREVCLOSE_ADJUSTED,44,2024-12-03,2024-12-04,2024-12-11,-0.01294976066459308,0.0609698274622128,0.13744170310847542,0.1721823997837054,Bull,1.3561903908881896
TAIWAN50_0050_EX_LATE_HISTORY_2026_PREVCLOSE_ADJUSTED,45,2024-12-10,2024-12-11,2024-12-18,-0.0014851269396868316,0.020690698356542248,0.11647458626164205,0.1721823997837054,Bull,1.3747097147214007
TAIWAN50_0050_EX_LATE_HISTORY_2026_PREVCLOSE_ADJUSTED,46,2024-12-17,2024-12-18,2024-12-25,-0.0023991113359277394,-0.009020210558151831,0.1014166522550438,0.1721823997837054,Bear,1.3716372495298732
TAIWAN50_0050_EX_LATE_HISTORY_2026_PREVCLOSE_ADJUSTED,47,2024-12-24,2024-12-25,2025-01-02,-0.020984571088444093,-0.015056560050427659,0.1059435833856322,0.1721823997837054,Bear,1.3539334574098127
TAIWAN50_0050_EX_LATE_HISTORY_2026_PREVCLOSE_ADJUSTED,48,2024-12-31,2025-01-02,2025-01-09,-0.0024513182314959137,-0.03146032502810214,0.10003438865163966,0.1721823997837054,Bear,1.3434972170442707
TAIWAN50_0050_EX_LATE_HISTORY_2026_PREVCLOSE_ADJUSTED,49,2025-01-08,2025-01-09,2025-01-16,-0.001726197925480899,-0.044687782774244234,0.09461356653362409,0.1721823997837054,Bear,1.3066182208192596
TAIWAN50_0050_EX_LATE_HISTORY_2026_PREVCLOSE_ADJUSTED,50,2025-01-15,2025-01-16,2025-02-03,-0.007208810611204708,-0.0304000132547253,0.08615029905938741,0.1721823997837054,Bear,1.2918907456146809
TAIWAN50_0050_EX_LATE_HISTORY_2026_PREVCLOSE_ADJUSTED,51,2025-01-22,2025-02-03,2025-02-10,0.020685057748447866,-0.020993624487920637,0.09501715313874974,0.1721823997837054,Bear,1.3598802005200208
TAIWAN50_0050_EX_LATE_HISTORY_2026_PREVCLOSE_ADJUSTED,52,2025-02-07,2025-02-10,2025-02-17,0.04297869720242242,0.03001869835473281,0.13009858305085895,0.1721823997837054,Bull,1.3963183494441382
TAIWAN50_0050_EX_LATE_HISTORY_2026_PREVCLOSE_ADJUSTED,53,2025-02-14,2025-02-17,2025-02-24,0.009011291644789976,0.04258736601221402,0.13001417075917202,0.1721823997837054,Bull,1.3930611154909527
TAIWAN50_0050_EX_LATE_HISTORY_2026_PREVCLOSE_ADJUSTED,54,2025-02-21,2025-02-24,2025-03-04,-0.021557965061881346,0.027745304150268435,0.13847189697604473,0.1721823997837054,Bull,1.3474616388001295
TAIWAN50_0050_EX_LATE_HISTORY_2026_PREVCLOSE_ADJUSTED,55,2025-03-03,2025-03-04,2025-03-11,-0.012596310539679134,-0.012414018927611736,0.12926868008514655,0.1721823997837054,Bear,1.294060366687471
TAIWAN50_0050_EX_LATE_HISTORY_2026_PREVCLOSE_ADJUSTED,56,2025-03-10,2025-03-11,2025-03-18,0.021341550079259086,0.02189590412759923,0.13364010795472242,0.1721823997837054,Bull,1.3422444803693847
TAIWAN50_0050_EX_LATE_HISTORY_2026_PREVCLOSE_ADJUSTED,57,2025-03-17,2025-03-18,2025-03-25,-0.01581281152638525,0.007232725250849059,0.13847433871304116,0.1721823997837054,Bull,1.3145712641179637
TAIWAN50_0050_EX_LATE_HISTORY_2026_PREVCLOSE_ADJUSTED,58,2025-03-24,2025-03-25,2025-04-01,-0.03741558844392945,-0.02812183594386697,0.1591946703454091,0.1721823997837054,Bear,1.2356166361504306
TAIWAN50_0050_EX_LATE_HISTORY_2026_PREVCLOSE_ADJUSTED,59,2025-03-31,2025-04-01,2025-04-10,-0.1117997724901546,-0.11827497204388604,0.27506450103948193,0.1721823997837054,High volatility,1.06544249930685
TAIWAN50_0050_EX_LATE_HISTORY_2026_PREVCLOSE_ADJUSTED,60,2025-04-09,2025-04-10,2025-04-17,0.040386814962733775,-0.08041070047640053,0.2936296885039861,0.1721823997837054,High volatility,1.1449616199055368
TAIWAN50_0050_EX_LATE_HISTORY_2026_PREVCLOSE_ADJUSTED,61,2025-04-16,2025-04-17,2025-04-24,0.005549735643646914,-0.07370826008348441,0.2945084271980622,0.1721823997837054,High volatility,1.1465940543961617
TAIWAN50_0050_EX_LATE_HISTORY_2026_PREVCLOSE_ADJUSTED,62,2025-04-23,2025-04-24,2025-05-02,0.0565672042694958,-0.014204110147227333,0.3206881402697265,0.1721823997837054,High volatility,1.229123182735179
TAIWAN50_0050_EX_LATE_HISTORY_2026_PREVCLOSE_ADJUSTED,63,2025-04-30,2025-05-02,2025-05-09,0.01820304583419463,-0.01660128165969532,0.31998632014758804,0.1721823997837054,High volatility,1.2482948630518744
TAIWAN50_0050_EX_LATE_HISTORY_2026_PREVCLOSE_ADJUSTED,64,2025-05-08,2025-05-09,2025-05-16,0.050006535920229744,-0.009974907021045643,0.324644643122766,0.1721823997837054,High volatility,1.3189079546001345
TAIWAN50_0050_EX_LATE_HISTORY_2026_PREVCLOSE_ADJUSTED,65,2025-05-15,2025-05-16,2025-05-23,-0.0028875537893988668,-0.02164985620632387,0.3240730562321347,0.1721823997837054,High volatility,1.3162593964138982
TAIWAN50_0050_EX_LATE_HISTORY_2026_PREVCLOSE_ADJUSTED,66,2025-05-22,2025-05-23,2025-06-02,-0.019436362114819583,-0.01952845251125268,0.3234800694683541,0.1721823997837054,High volatility,1.309447359550301
TAIWAN50_0050_EX_LATE_HISTORY_2026_PREVCLOSE_ADJUSTED,67,2025-05-29,2025-06-02,2025-06-09,0.038413417610255074,0.03112315800023091,0.33164325255292115,0.1721823997837054,High volatility,1.3732968763442037
TAIWAN50_0050_EX_LATE_HISTORY_2026_PREVCLOSE_ADJUSTED,68,2025-06-06,2025-06-09,2025-06-16,0.01906314356760541,0.02882293069887254,0.3311170294751259,0.1721823997837054,High volatility,1.4036823355090846
TAIWAN50_0050_EX_LATE_HISTORY_2026_PREVCLOSE_ADJUSTED,69,2025-06-13,2025-06-16,2025-06-23,-0.01648441498929809,0.028120868071890737,0.3312984198501766,0.1721823997837054,High volatility,1.3558760346241059
TAIWAN50_0050_EX_LATE_HISTORY_2026_PREVCLOSE_ADJUSTED,70,2025-06-20,2025-06-23,2025-06-30,0.02005951377478521,0.08950909675731178,0.31963087286120395,0.1721823997837054,High volatility,1.4170005150900287
TAIWAN50_0050_EX_LATE_HISTORY_2026_PREVCLOSE_ADJUSTED,71,2025-06-27,2025-06-30,2025-07-07,0.008208571509881413,0.23671710056675743,0.1753754421682134,0.1721823997837054,High volatility,1.427494051888681
TAIWAN50_0050_EX_LATE_HISTORY_2026_PREVCLOSE_ADJUSTED,72,2025-07-04,2025-07-07,2025-07-14,0.01076051728291949,0.20150005586745512,0.16853072306553452,0.1721823997837054,Bull,1.4562775897972677
TAIWAN50_0050_EX_LATE_HISTORY_2026_PREVCLOSE_ADJUSTED,73,2025-07-11,2025-07-14,2025-07-21,0.025663791732354557,0.2255337149274259,0.1680378841732754,0.1721823997837054,Bull,1.5154024583608245
TAIWAN50_0050_EX_LATE_HISTORY_2026_PREVCLOSE_ADJUSTED,74,2025-07-18,2025-07-21,2025-07-28,0.012547705661166697,0.17447460629646372,0.143365445087598,0.1721823997837054,Bull,1.547267481706773
TAIWAN50_0050_EX_LATE_HISTORY_2026_PREVCLOSE_ADJUSTED,75,2025-07-25,2025-07-28,2025-08-05,0.02501515637744567,0.18233222455940812,0.1450210861562895,0.1721823997837054,Bull,1.6216546803511576
TAIWAN50_0050_EX_LATE_HISTORY_2026_PREVCLOSE_ADJUSTED,76,2025-08-04,2025-08-05,2025-08-12,0.03318178789182147,0.16338715985402974,0.12925294673288631,0.1721823997837054,Bull,1.6901840846578255
TAIWAN50_0050_EX_LATE_HISTORY_2026_PREVCLOSE_ADJUSTED,77,2025-08-11,2025-08-12,2025-08-19,0.00307072563604871,0.1703390195010852,0.126477654813452,0.1721823997837054,Bull,1.701525076598216
TAIWAN50_0050_EX_LATE_HISTORY_2026_PREVCLOSE_ADJUSTED,78,2025-08-18,2025-08-19,2025-08-26,-0.0037590075622905283,0.18905052281049683,0.11099713456952685,0.1721823997837054,Bull,1.7039140031863895
TAIWAN50_0050_EX_LATE_HISTORY_2026_PREVCLOSE_ADJUSTED,79,2025-08-25,2025-08-26,2025-09-02,-0.006399384953758913,0.13773696559551918,0.10485381713507821,0.1721823997837054,Bull,1.66551534243324
TAIWAN50_0050_EX_LATE_HISTORY_2026_PREVCLOSE_ADJUSTED,80,2025-09-01,2025-09-02,2025-09-09,0.04206857220693072,0.1634214648707044,0.12221219773210225,0.1721823997837054,Bull,1.7578768276772254
TAIWAN50_0050_EX_LATE_HISTORY_2026_PREVCLOSE_ADJUSTED,81,2025-09-08,2025-09-09,2025-09-16,0.023832397027449215,0.2111130777035921,0.10456259729290865,0.1721823997837054,Bull,1.8559267185220076
TAIWAN50_0050_EX_LATE_HISTORY_2026_PREVCLOSE_ADJUSTED,82,2025-09-15,2025-09-16,2025-09-23,0.02480653470212757,0.216749198976518,0.105813097797408,0.1721823997837054,Bull,1.955627896721611
TAIWAN50_0050_EX_LATE_HISTORY_2026_PREVCLOSE_ADJUSTED,83,2025-09-22,2025-09-23,2025-10-01,-0.004934171384031072,0.2008879750785959,0.11371224841178736,0.1721823997837054,Bull,1.8968370064525033
TAIWAN50_0050_EX_LATE_HISTORY_2026_PREVCLOSE_ADJUSTED,84,2025-09-30,2025-10-01,2025-10-09,0.0411225746978412,0.2369612377602841,0.12444671034202473,0.1721823997837054,Bull,2.0251688102221825
TAIWAN50_0050_EX_LATE_HISTORY_2026_PREVCLOSE_ADJUSTED,85,2025-10-08,2025-10-09,2025-10-17,-0.0038806972178545562,0.20133027572825202,0.1307023286316376,0.1721823997837054,Bull,1.99551241096805
TAIWAN50_0050_EX_LATE_HISTORY_2026_PREVCLOSE_ADJUSTED,86,2025-10-16,2025-10-17,2025-10-27,0.035585469820282656,0.2286632728944067,0.13666425005368843,0.1721823997837054,Bull,2.216657361648206
TAIWAN50_0050_EX_LATE_HISTORY_2026_PREVCLOSE_ADJUSTED,87,2025-10-23,2025-10-27,2025-11-03,0.029267726974053776,0.23376073635622419,0.13801040409675186,0.1721823997837054,Bull,2.371055269310682
TAIWAN50_0050_EX_LATE_HISTORY_2026_PREVCLOSE_ADJUSTED,88,2025-10-31,2025-11-03,2025-11-10,-0.005279969085346559,0.18783212421282647,0.14088755595888017,0.1721823997837054,Bull,2.294771639817207
TAIWAN50_0050_EX_LATE_HISTORY_2026_PREVCLOSE_ADJUSTED,89,2025-11-07,2025-11-10,2025-11-17,0.0001683438366109069,0.18439513592277734,0.14209851142521088,0.1721823997837054,Bull,2.3040914732897457
TAIWAN50_0050_EX_LATE_HISTORY_2026_PREVCLOSE_ADJUSTED,90,2025-11-14,2025-11-17,2025-11-24,-0.018423906781456667,0.16696056393083603,0.15340552342642938,0.1721823997837054,Bull,2.263574019300512
TAIWAN50_0050_EX_LATE_HISTORY_2026_PREVCLOSE_ADJUSTED,91,2025-11-21,2025-11-24,2025-12-01,0.023925089023330015,0.202575945722405,0.14818887275458018,0.1721823997837054,Bull,2.351100266449408
TAIWAN50_0050_EX_LATE_HISTORY_2026_PREVCLOSE_ADJUSTED,92,2025-11-28,2025-12-01,2025-12-08,0.022184921936555302,0.17962966352365295,0.13716329365449112,0.1721823997837054,Bull,2.403017828853591
TAIWAN50_0050_EX_LATE_HISTORY_2026_PREVCLOSE_ADJUSTED,93,2025-12-05,2025-12-08,2025-12-15,0.004169235175306207,0.1569743450684078,0.13664412327851946,0.1721823997837054,Bull,2.420627764110379
TAIWAN50_0050_EX_LATE_HISTORY_2026_PREVCLOSE_ADJUSTED,94,2025-12-12,2025-12-15,2025-12-22,0.02106335217302502,0.15274840972507153,0.13529468514680962,0.1721823997837054,Bull,2.442940630072341
TAIWAN50_0050_EX_LATE_HISTORY_2026_PREVCLOSE_ADJUSTED,95,2025-12-19,2025-12-22,2025-12-30,0.013467318632385927,0.1740658821404395,0.1298372632823762,0.1721823997837054,Bull,2.509384922917504
