dataset,method,seed,fee,fee_bps,protocol_id,accounting_protocol_id,APV,GARR,ARR,AVol,ASR,MDD,Calmar,Turnover
DJIA30_2026,Proposed Feedback + Reliability-policy,1,0.0005,5,nextclose_t1_t6_stride5_v2_20260905,drift_full_l1_entry_fee_mark_to_market_v1_20260905,2.2904667883706256,0.5184541940596799,0.45412522379748704,0.2661511918252309,1.7062678573150631,0.23708157512850592,2.1868177389097436,28.758050854104496
DJIA30_2026,Proposed Feedback + Reliability-policy,1,0.001,10,nextclose_t1_t6_stride5_v2_20260905,drift_full_l1_entry_fee_mark_to_market_v1_20260905,2.257757832073851,0.5074863493224038,0.44681436819131054,0.26611803848389964,1.6790081977789084,0.23791476048836702,2.1330595389739075,28.758050854104496
DJIA30_2026,Proposed Feedback + Reliability-policy,1,0.002,20,nextclose_t1_t6_stride5_v2_20260905,drift_full_l1_entry_fee_mark_to_market_v1_20260905,2.1937152367151707,0.4857811591476555,0.43219265697895726,0.2660568835585133,1.6244370421782606,0.23957875014260033,2.0276471050062344,28.758050854104496
DJIA30_2026,Proposed Feedback + Reliability-policy,1,0.005,50,nextclose_t1_t6_stride5_v2_20260905,drift_full_l1_entry_fee_mark_to_market_v1_20260905,2.0121405106029324,0.42247219376438716,0.3883275233418983,0.26591467249905326,1.4603463573198687,0.2445517173416113,1.727537219353242,28.758050854104496
DJIA30_2026,Proposed Feedback + Reliability-policy,2,0.0005,5,nextclose_t1_t6_stride5_v2_20260905,drift_full_l1_entry_fee_mark_to_market_v1_20260905,2.016935044999075,0.42417947884349183,0.38719152001953866,0.2559267848338338,1.512899559422557,0.23921442496922085,1.7732186464009017,16.651996156452842
DJIA30_2026,Proposed Feedback + Reliability-policy,2,0.001,10,nextclose_t1_t6_stride5_v2_20260905,drift_full_l1_entry_fee_mark_to_market_v1_20260905,2.0002081624827563,0.4182144250541415,0.38295209593380863,0.25586260628069524,1.4967099002880058,0.23970420648910118,1.7447104128026925,16.651996156452842
DJIA30_2026,Proposed Feedback + Reliability-policy,2,0.002,20,nextclose_t1_t6_stride5_v2_20260905,drift_full_l1_entry_fee_mark_to_market_v1_20260905,1.9671623187081786,0.4063566114783874,0.374473247762351,0.25573739434344833,1.4642881958023068,0.2406829876786566,1.688347877835582,16.651996156452842
DJIA30_2026,Proposed Feedback + Reliability-policy,2,0.005,50,nextclose_t1_t6_stride5_v2_20260905,drift_full_l1_entry_fee_mark_to_market_v1_20260905,1.871210596117359,0.3713547802476831,0.34903670324797786,0.25538697423478857,1.3666973591499343,0.24361308444479612,1.5243630328560362,16.651996156452842
DJIA30_2026,Proposed Feedback + Reliability-policy,3,0.0005,5,nextclose_t1_t6_stride5_v2_20260905,drift_full_l1_entry_fee_mark_to_market_v1_20260905,2.745894681484196,0.6637829653303868,0.5653870355853061,0.33043823993356863,1.7110218106081536,0.26171499541949805,2.536281745210746,28.22014570475909
DJIA30_2026,Proposed Feedback + Reliability-policy,3,0.001,10,nextclose_t1_t6_stride5_v2_20260905,drift_full_l1_entry_fee_mark_to_market_v1_20260905,2.707409910364257,0.6519892739622903,0.5582177895872193,0.3304532629121279,1.6892488355778688,0.26304518378342345,2.4786208383845625,28.22014570475909
DJIA30_2026,Proposed Feedback + Reliability-policy,3,0.002,20,nextclose_t1_t6_stride5_v2_20260905,drift_full_l1_entry_fee_mark_to_market_v1_20260905,2.632027474214471,0.6286447768990506,0.5438792975910458,0.33048791230453706,1.6456859005780322,0.265699394659241,2.3660000343820373,28.22014570475909
DJIA30_2026,Proposed Feedback + Reliability-policy,3,0.005,50,nextclose_t1_t6_stride5_v2_20260905,drift_full_l1_entry_fee_mark_to_market_v1_20260905,2.418068500459378,0.560515814476634,0.5008638216025244,0.3306286686736492,1.5148832181183531,0.2736128937513248,2.048572370957281,28.22014570475909
DJIA30_2026,Proposed Feedback + Reliability-policy,4,0.0005,5,nextclose_t1_t6_stride5_v2_20260905,drift_full_l1_entry_fee_mark_to_market_v1_20260905,2.0200463781645714,0.42528631621958946,0.3906078852411118,0.26554953101155143,1.4709417250829953,0.2792395049373433,1.5230162949723631,37.94439804664063
DJIA30_2026,Proposed Feedback + Reliability-policy,4,0.001,10,nextclose_t1_t6_stride5_v2_20260905,drift_full_l1_entry_fee_mark_to_market_v1_20260905,1.9820673000092683,0.41171708890687997,0.38097386704628466,0.26550620422235144,1.4348962886277166,0.2827588119047514,1.4560716468336583,37.94439804664063
DJIA30_2026,Proposed Feedback + Reliability-policy,4,0.002,20,nextclose_t1_t6_stride5_v2_20260905,drift_full_l1_entry_fee_mark_to_market_v1_20260905,1.908207755181657,0.3849539424599795,0.3617058306566317,0.2654292954654249,1.3627200796445165,0.28974910368515616,1.3285768189235667,37.94439804664063
DJIA30_2026,Proposed Feedback + Reliability-policy,4,0.005,50,nextclose_t1_t6_stride5_v2_20260905,drift_full_l1_entry_fee_mark_to_market_v1_20260905,1.702521108859419,0.3075870857048213,0.30390172148767075,0.26527661873484976,1.1456031177456605,0.31033834863387744,0.9911346343719127,37.94439804664063
DJIA30_2026,Proposed Feedback + Reliability-policy,5,0.0005,5,nextclose_t1_t6_stride5_v2_20260905,drift_full_l1_entry_fee_mark_to_market_v1_20260905,2.4976924533435607,0.5862061766186124,0.5049326071760896,0.29068022625720796,1.7370724306829894,0.2529806149421947,2.3171980064660636,26.380457725635978
DJIA30_2026,Proposed Feedback + Reliability-policy,5,0.001,10,nextclose_t1_t6_stride5_v2_20260905,drift_full_l1_entry_fee_mark_to_market_v1_20260905,2.4649544052023358,0.5756932725317956,0.4982047143184037,0.29059493833396327,1.7144301176569257,0.2538885141051307,2.267504201838021,26.380457725635978
DJIA30_2026,Proposed Feedback + Reliability-policy,5,0.002,20,nextclose_t1_t6_stride5_v2_20260905,drift_full_l1_entry_fee_mark_to_market_v1_20260905,2.4007420007639975,0.5548701537055969,0.4847489286030308,0.2904285378638093,1.669081599792181,0.25570137581314634,2.1699928361397163,26.380457725635978
DJIA30_2026,Proposed Feedback + Reliability-policy,5,0.005,50,nextclose_t1_t6_stride5_v2_20260905,drift_full_l1_entry_fee_mark_to_market_v1_20260905,2.21783479499685,0.4939921417161406,0.444381571456913,0.28996282392049605,1.5325467087420714,0.26199428466212704,1.885507320715803,26.380457725635978
DJIA30_2026,Proposed Feedback + Reliability-policy,6,0.0005,5,nextclose_t1_t6_stride5_v2_20260905,drift_full_l1_entry_fee_mark_to_market_v1_20260905,2.5437245803645645,0.60087316113279,0.5174939939744979,0.30206104378919224,1.713209977303978,0.25679978903025336,2.339850680570464,22.233945372505353
DJIA30_2026,Proposed Feedback + Reliability-policy,6,0.001,10,nextclose_t1_t6_stride5_v2_20260905,drift_full_l1_entry_fee_mark_to_market_v1_20260905,2.515595789632179,0.5919264294084621,0.5118374445837711,0.30204460434000396,1.6945756925609856,0.2572567702156887,2.3009168190682807,22.233945372505353
DJIA30_2026,Proposed Feedback + Reliability-policy,6,0.002,20,nextclose_t1_t6_stride5_v2_20260905,drift_full_l1_entry_fee_mark_to_market_v1_20260905,2.4602544577325505,0.5741783450654989,0.5005243458023187,0.30201487014525535,1.6572837806350045,0.25817003758796997,2.2240316902376827,22.233945372505353
DJIA30_2026,Proposed Feedback + Reliability-policy,6,0.005,50,nextclose_t1_t6_stride5_v2_20260905,drift_full_l1_entry_fee_mark_to_market_v1_20260905,2.301327839880751,0.5220788792233537,0.4665850494579598,0.30195083535563844,1.5452351668721658,0.26090428641554797,2.0010360366093307,22.233945372505353
DJIA30_2026,Proposed Feedback + Reliability-policy,7,0.0005,5,nextclose_t1_t6_stride5_v2_20260905,drift_full_l1_entry_fee_mark_to_market_v1_20260905,2.7917314670320805,0.6777232205882788,0.5782748667198918,0.3447577941317604,1.6773366014138182,0.2856082365478134,2.372912030759385,25.92829436336112
DJIA30_2026,Proposed Feedback + Reliability-policy,7,0.001,10,nextclose_t1_t6_stride5_v2_20260905,drift_full_l1_entry_fee_mark_to_market_v1_20260905,2.755762508115603,0.6667937403843645,0.5716509107822436,0.3446660923144608,1.6585644005291071,0.2862533503924872,2.3293831826600853,25.92829436336112
DJIA30_2026,Proposed Feedback + Reliability-policy,7,0.002,20,nextclose_t1_t6_stride5_v2_20260905,drift_full_l1_entry_fee_mark_to_market_v1_20260905,2.6851891423118532,0.645141813720284,0.558402998906951,0.34448627828539835,1.6209731246372836,0.2875421645287787,2.243642475104603,25.92829436336112
DJIA30_2026,Proposed Feedback + Reliability-policy,7,0.005,50,nextclose_t1_t6_stride5_v2_20260905,drift_full_l1_entry_fee_mark_to_market_v1_20260905,2.483982686018923,0.581812038484681,0.5186592632810704,0.3439756194717902,1.5078372824141573,0.29213684989815214,1.9915736021919812,25.92829436336112
DJIA30_2026,Proposed Feedback + Reliability-policy,8,0.0005,5,nextclose_t1_t6_stride5_v2_20260905,drift_full_l1_entry_fee_mark_to_market_v1_20260905,2.782259821276958,0.6748519869159111,0.5846517873774537,0.3682765543795015,1.5875346405434811,0.33555777528024977,2.0111350015725042,19.99304266493599
DJIA30_2026,Proposed Feedback + Reliability-policy,8,0.001,10,nextclose_t1_t6_stride5_v2_20260905,drift_full_l1_entry_fee_mark_to_market_v1_20260905,2.754578892268902,0.6664328896043992,0.579558268696813,0.3682437804876108,1.5738440115115853,0.33718000333437204,1.9764899549618788,19.99304266493599
DJIA30_2026,Proposed Feedback + Reliability-policy,8,0.002,20,nextclose_t1_t6_stride5_v2_20260905,drift_full_l1_entry_fee_mark_to_market_v1_20260905,2.700027617669424,0.6497174797683607,0.5693712313355309,0.36818089972215773,1.5464442391367899,0.3404132459156941,1.908613978932148,19.99304266493599
DJIA30_2026,Proposed Feedback + Reliability-policy,8,0.005,50,nextclose_t1_t6_stride5_v2_20260905,drift_full_l1_entry_fee_mark_to_market_v1_20260905,2.5426734539299636,0.600539721787291,0.5388101192516861,0.3680136093978191,1.4641037871760816,0.3500238482689424,1.7157108715799947,19.99304266493599
DJIA30_2026,Proposed Feedback + Reliability-policy,9,0.0005,5,nextclose_t1_t6_stride5_v2_20260905,drift_full_l1_entry_fee_mark_to_market_v1_20260905,2.57720524016528,0.6114584009411486,0.5260317451569493,0.3083795463479859,1.7057932388400274,0.24065595935875284,2.5407989171364327,16.063669094839707
DJIA30_2026,Proposed Feedback + Reliability-policy,9,0.001,10,nextclose_t1_t6_stride5_v2_20260905,drift_full_l1_entry_fee_mark_to_market_v1_20260905,2.556583815124185,0.6049468611783786,0.5219097874196947,0.3082426507246166,1.6931783651379508,0.24187503634538787,2.5010719184535386,16.063669094839707
DJIA30_2026,Proposed Feedback + Reliability-policy,9,0.002,20,nextclose_t1_t6_stride5_v2_20260905,drift_full_l1_entry_fee_mark_to_market_v1_20260905,2.515825501093482,0.591999692543719,0.5136658719451859,0.30797173983979376,1.6678993735347074,0.2443078290515448,2.4231711887498175,16.063669094839707
DJIA30_2026,Proposed Feedback + Reliability-policy,9,0.005,50,nextclose_t1_t6_stride5_v2_20260905,drift_full_l1_entry_fee_mark_to_market_v1_20260905,2.3973381797199087,0.5537586813134705,0.4889341255216591,0.3071821407196471,1.5916749729532282,0.2515634884854825,2.201268095967859,16.063669094839707
DJIA30_2026,Proposed Feedback + Reliability-policy,10,0.0005,5,nextclose_t1_t6_stride5_v2_20260905,drift_full_l1_entry_fee_mark_to_market_v1_20260905,2.347465583832822,0.5373827854616624,0.4671106271469053,0.2673060346436667,1.747475053339476,0.24148906976448892,2.2252882334829582,14.690726828749774
DJIA30_2026,Proposed Feedback + Reliability-policy,10,0.001,10,nextclose_t1_t6_stride5_v2_20260905,drift_full_l1_entry_fee_mark_to_market_v1_20260905,2.330281920891667,0.5317005445371124,0.4633649603169287,0.26724612741392395,1.7338509814933492,0.24244479526180274,2.193078815995857,14.690726828749774
DJIA30_2026,Proposed Feedback + Reliability-policy,10,0.002,20,nextclose_t1_t6_stride5_v2_20260905,drift_full_l1_entry_fee_mark_to_market_v1_20260905,2.296283442380975,0.5203964578196891,0.4558736266569768,0.26712969777226037,1.7065628810976636,0.24435305443629107,2.129690823878649,14.690726828749774
DJIA30_2026,Proposed Feedback + Reliability-policy,10,0.005,50,nextclose_t1_t6_stride5_v2_20260905,drift_full_l1_entry_fee_mark_to_market_v1_20260905,2.197177183330016,0.48696244669828603,0.433399625677122,0.26680753927610196,1.6243904758201926,0.2500523719098211,1.9474418218032508,14.690726828749774
DJIA30_2026,FinGAT,1,0.0005,5,nextclose_t1_t6_stride5_v2_20260905,drift_full_l1_entry_fee_mark_to_market_v1_20260905,1.31582513283909,0.14835424827241894,0.1579272486543588,0.19542030228561685,0.8081414612875789,0.24631322949606282,0.6022991480235953,120.34603940910705
DJIA30_2026,FinGAT,1,0.001,10,nextclose_t1_t6_stride5_v2_20260905,drift_full_l1_entry_fee_mark_to_market_v1_20260905,1.2389089855449644,0.11401710453181968,0.12744362550143454,0.19508710047685457,0.6532652604396806,0.25219392712911504,0.4521009123009003,120.34603940910705
DJIA30_2026,FinGAT,1,0.002,20,nextclose_t1_t6_stride5_v2_20260905,drift_full_l1_entry_fee_mark_to_market_v1_20260905,1.0981705947936622,0.04832896300447054,0.06647637919558523,0.19444866185756496,0.3418711065457455,0.26383023094037406,0.18318205170124321,120.34603940910705
DJIA30_2026,FinGAT,1,0.005,50,nextclose_t1_t6_stride5_v2_20260905,drift_full_l1_entry_fee_mark_to_market_v1_20260905,0.7640871707230869,-0.1268195058016558,-0.11642535972196164,0.1927602787096168,-0.6039904097531956,0.31597504529920983,-0.4013592455744888,120.34603940910705
DJIA30_2026,FinGAT,2,0.0005,5,nextclose_t1_t6_stride5_v2_20260905,drift_full_l1_entry_fee_mark_to_market_v1_20260905,1.1816548363216242,0.08776550127162541,0.09939972612902254,0.17429794230800755,0.5702862857288932,0.19078539610129042,0.4600221141927948,143.37076997257003
DJIA30_2026,FinGAT,2,0.001,10,nextclose_t1_t6_stride5_v2_20260905,drift_full_l1_entry_fee_mark_to_market_v1_20260905,1.0998228052560102,0.04912358709266185,0.06315881424718506,0.1741016512913911,0.3627697599575157,0.21738986784965797,0.22596999381146243,143.37076997257003
DJIA30_2026,FinGAT,2,0.002,20,nextclose_t1_t6_stride5_v2_20260905,drift_full_l1_entry_fee_mark_to_market_v1_20260905,0.9526119299565741,-0.024171108698693877,-0.009323009516488666,0.17373362180654192,-0.05366266713112182,0.27550183193103395,-0.08773483838301518,143.37076997257003
DJIA30_2026,FinGAT,2,0.005,50,nextclose_t1_t6_stride5_v2_20260905,drift_full_l1_entry_fee_mark_to_market_v1_20260905,0.6181960310715704,-0.2152567096923801,-0.2267684808075111,0.17282773131822396,-1.3121070274883562,0.44787103831725994,-0.48062207929573236,143.37076997257003
DJIA30_2026,FinGAT,3,0.0005,5,nextclose_t1_t6_stride5_v2_20260905,drift_full_l1_entry_fee_mark_to_market_v1_20260905,1.3218876603364111,0.15101783337116315,0.15766468475765108,0.1836199834396728,0.858646656013074,0.20938962658816218,0.721228820318747,110.77429432966684
DJIA30_2026,FinGAT,3,0.001,10,nextclose_t1_t6_stride5_v2_20260905,drift_full_l1_entry_fee_mark_to_market_v1_20260905,1.2505974772711455,0.11930190866529178,0.12968755228303136,0.1837609789464952,0.7057404299135338,0.22376573803443445,0.5331553870277177,110.77429432966684
DJIA30_2026,FinGAT,3,0.002,20,nextclose_t1_t6_stride5_v2_20260905,drift_full_l1_entry_fee_mark_to_market_v1_20260905,1.1192268396959026,0.05841194018985241,0.07373328733379048,0.18407619219617696,0.4005585211976252,0.2517651890955055,0.2320095975130788,110.77429432966684
DJIA30_2026,FinGAT,3,0.005,50,nextclose_t1_t6_stride5_v2_20260905,drift_full_l1_entry_fee_mark_to_market_v1_20260905,0.8015947797233012,-0.10547339959643742,-0.09412950751393073,0.18528539646823775,-0.5080244277646929,0.34520078439601687,-0.3055421782455673,110.77429432966684
DJIA30_2026,FinGAT,4,0.0005,5,nextclose_t1_t6_stride5_v2_20260905,drift_full_l1_entry_fee_mark_to_market_v1_20260905,1.6183319275462413,0.27458872249773925,0.26842924222381415,0.22511556541784586,1.1924064056857733,0.24149186805821166,1.1370516312025447,145.3377870527704
DJIA30_2026,FinGAT,4,0.001,10,nextclose_t1_t6_stride5_v2_20260905,drift_full_l1_entry_fee_mark_to_market_v1_20260905,1.5047746796565225,0.22869933531993403,0.23157234526297474,0.22492683160738627,1.0295452241428817,0.25065667115196155,0.9124007522675676,145.3377870527704
DJIA30_2026,FinGAT,4,0.002,20,nextclose_t1_t6_stride5_v2_20260905,drift_full_l1_entry_fee_mark_to_market_v1_20260905,1.300786981895674,0.14172080664981968,0.1578585513412961,0.22457037753814324,0.7029357703888788,0.2686749761984991,0.5274804846176492,145.3377870527704
DJIA30_2026,FinGAT,4,0.005,50,nextclose_t1_t6_stride5_v2_20260905,drift_full_l1_entry_fee_mark_to_market_v1_20260905,0.8391182487580038,-0.08460849942331028,-0.06328283042373786,0.22367027010427457,-0.28292910986442477,0.3678280936178976,-0.230021852303653,145.3377870527704
DJIA30_2026,FinGAT,5,0.0005,5,nextclose_t1_t6_stride5_v2_20260905,drift_full_l1_entry_fee_mark_to_market_v1_20260905,1.0735925045616992,0.036437440756424966,0.04854972317531642,0.15930414163963222,0.30476121132583317,0.17665479392480266,0.20626352643413365,125.47983593920443
DJIA30_2026,FinGAT,5,0.001,10,nextclose_t1_t6_stride5_v2_20260905,drift_full_l1_entry_fee_mark_to_market_v1_20260905,1.0082396009857344,0.0041443077503671155,0.016847998505875806,0.1590344550658537,0.10593929786409688,0.17996052460569656,0.02302898238070556,125.47983593920443
DJIA30_2026,FinGAT,5,0.002,20,nextclose_t1_t6_stride5_v2_20260905,drift_full_l1_entry_fee_mark_to_market_v1_20260905,0.8891109218320371,-0.05751641194197343,-0.04655545083300749,0.15853110174738339,-0.29366761676325703,0.21880319019004613,-0.2628682511073826,125.47983593920443
DJIA30_2026,FinGAT,5,0.005,50,nextclose_t1_t6_stride5_v2_20260905,drift_full_l1_entry_fee_mark_to_market_v1_20260905,0.6090873540025766,-0.22110572866507439,-0.23676579884965473,0.1573131021339232,-1.5050608985390943,0.41419230128997164,-0.5338238493966613,125.47983593920443
DJIA30_2026,FinGAT,6,0.0005,5,nextclose_t1_t6_stride5_v2_20260905,drift_full_l1_entry_fee_mark_to_market_v1_20260905,1.4454359869747377,0.2040358745268076,0.20044416081297006,0.16942184308841277,1.1831069545641073,0.17154756280768235,1.1893836973687997,116.9010567907718
DJIA30_2026,FinGAT,6,0.001,10,nextclose_t1_t6_stride5_v2_20260905,drift_full_l1_entry_fee_mark_to_market_v1_20260905,1.3632919445748835,0.16904920192070416,0.1708557852006905,0.16937688207678184,1.0087314343361111,0.18036980483865672,0.9372367069528129,116.9010567907718
DJIA30_2026,FinGAT,6,0.002,20,nextclose_t1_t6_stride5_v2_20260905,drift_full_l1_entry_fee_mark_to_market_v1_20260905,1.2126019457389479,0.1020314874261723,0.11167903397613145,0.1693286809808938,0.6595399747354835,0.1977501718542073,0.515961561345169,116.9010567907718
DJIA30_2026,FinGAT,6,0.005,50,nextclose_t1_t6_stride5_v2_20260905,drift_full_l1_entry_fee_mark_to_market_v1_20260905,0.8525104834578615,-0.07727420185818057,-0.06585121969754651,0.16951796413637799,-0.38846160071016955,0.29771056718241673,-0.2595615015937013,116.9010567907718
DJIA30_2026,FinGAT,7,0.0005,5,nextclose_t1_t6_stride5_v2_20260905,drift_full_l1_entry_fee_mark_to_market_v1_20260905,1.496527138539977,0.22530057364665756,0.21739485276839723,0.16715430570021508,1.300563882322521,0.1721829629784989,1.3084951597376777,135.9576705453457
DJIA30_2026,FinGAT,7,0.001,10,nextclose_t1_t6_stride5_v2_20260905,drift_full_l1_entry_fee_mark_to_market_v1_20260905,1.3980700234020667,0.1839860287348285,0.18295841006244892,0.16702160413356268,1.095417631818109,0.1869039797870935,0.9843879672568294,135.9576705453457
DJIA30_2026,FinGAT,7,0.002,20,nextclose_t1_t6_stride5_v2_20260905,drift_full_l1_entry_fee_mark_to_market_v1_20260905,1.2199772631546282,0.1054046198926859,0.11408552465055226,0.16679421150427948,0.6839897117630197,0.21624772000311654,0.4874253466865076,135.9576705453457
DJIA30_2026,FinGAT,7,0.005,50,nextclose_t1_t6_stride5_v2_20260905,drift_full_l1_entry_fee_mark_to_market_v1_20260905,0.8096381040090306,-0.10096078954649268,-0.09253313158513742,0.16641772695099596,-0.5560292961601686,0.3411796430535996,-0.2959168039537214,135.9576705453457
DJIA30_2026,FinGAT,8,0.0005,5,nextclose_t1_t6_stride5_v2_20260905,drift_full_l1_entry_fee_mark_to_market_v1_20260905,1.2947044663108984,0.13902696528790104,0.14410076334305866,0.16472005010820914,0.874822240816433,0.16188057483711116,0.8588242624403448,144.182987594928
DJIA30_2026,FinGAT,8,0.001,10,nextclose_t1_t6_stride5_v2_20260905,drift_full_l1_entry_fee_mark_to_market_v1_20260905,1.204552780761535,0.09833853399700687,0.10763741073546017,0.16461538213199087,0.6538721311545176,0.17918750527247196,0.5488024058791019,144.182987594928
DJIA30_2026,FinGAT,8,0.002,20,nextclose_t1_t6_stride5_v2_20260905,drift_full_l1_entry_fee_mark_to_market_v1_20260905,1.0424717278334998,0.021184936597423043,0.03471070552026354,0.16443405369491446,0.2110919529154505,0.22943968710539198,0.09233335725258311,144.182987594928
DJIA30_2026,FinGAT,8,0.005,50,nextclose_t1_t6_stride5_v2_20260905,drift_full_l1_entry_fee_mark_to_market_v1_20260905,0.6748410057978768,-0.1798042060057672,-0.18406941012532463,0.16411509914222033,-1.1215872950593784,0.3983646081031458,-0.451355874363246,144.182987594928
DJIA30_2026,FinGAT,9,0.0005,5,nextclose_t1_t6_stride5_v2_20260905,drift_full_l1_entry_fee_mark_to_market_v1_20260905,1.3098318084421574,0.1457150778211158,0.15088969576209982,0.1706517330850666,0.884196679601749,0.2071248608427122,0.7035132201332889,111.71924848242793
DJIA30_2026,FinGAT,9,0.001,10,nextclose_t1_t6_stride5_v2_20260905,drift_full_l1_entry_fee_mark_to_market_v1_20260905,1.238604239405947,0.1138789873525301,0.12262530194903405,0.17051720090478276,0.7191374318741506,0.21212204650005873,0.5368559715102437,111.71924848242793
DJIA30_2026,FinGAT,9,0.002,20,nextclose_t1_t6_stride5_v2_20260905,drift_full_l1_entry_fee_mark_to_market_v1_20260905,1.1074385319157798,0.05277870960974229,0.06609651432290298,0.1702910534809331,0.38813850153498275,0.22413582924677,0.23547645098559306,111.71924848242793
DJIA30_2026,FinGAT,9,0.005,50,nextclose_t1_t6_stride5_v2_20260905,drift_full_l1_entry_fee_mark_to_market_v1_20260905,0.7908667494545738,-0.11152733305520435,-0.10348984855549016,0.16995767740200926,-0.6089154084560742,0.31739371563829033,-0.35138481816162875,111.71924848242793
DJIA30_2026,FinGAT,10,0.0005,5,nextclose_t1_t6_stride5_v2_20260905,drift_full_l1_entry_fee_mark_to_market_v1_20260905,1.3930715743363433,0.18185067882810158,0.1819022357852902,0.17035950457260238,1.0677551348933902,0.1570246245299518,1.1581029368639841,111.83636179655493
DJIA30_2026,FinGAT,10,0.001,10,nextclose_t1_t6_stride5_v2_20260905,drift_full_l1_entry_fee_mark_to_market_v1_20260905,1.3172426121809822,0.14897756531260553,0.15367178169968868,0.1706793268223667,0.9003538071111652,0.16674189662561412,0.8934621011724794,111.83636179655493
DJIA30_2026,FinGAT,10,0.002,20,nextclose_t1_t6_stride5_v2_20260905,drift_full_l1_entry_fee_mark_to_market_v1_20260905,1.1776194073329718,0.08589165835522161,0.09721087352848536,0.171347530643044,0.5673316280874674,0.20020662947955692,0.42901505598740425,111.83636179655493
DJIA30_2026,FinGAT,10,0.005,50,nextclose_t1_t6_stride5_v2_20260905,drift_full_l1_entry_fee_mark_to_market_v1_20260905,0.8407309235742327,-0.08372225359463603,-0.07217185098512328,0.17357651782055036,-0.4157927114296482,0.3181717375879114,-0.26313541934724305,111.83636179655493
DJIA30_2026,Buy-and-Hold Equal Weight,deterministic,0.0005,5,nextclose_t1_t6_stride5_v2_20260905,drift_full_l1_entry_fee_mark_to_market_v1_20260905,1.4712738680308577,0.2148356687899391,0.2045672277860449,0.13828327785319144,1.4793345295388778,0.15206653127006964,1.4127741784837038,1.0000000000000113
DJIA30_2026,Buy-and-Hold Equal Weight,deterministic,0.001,10,nextclose_t1_t6_stride5_v2_20260905,drift_full_l1_entry_fee_mark_to_market_v1_20260905,1.4705378630943748,0.21452933904688032,0.2043123819109962,0.13827121762825983,1.4776204723985804,0.15206653127006986,1.4107597329610724,1.0000000000000113
DJIA30_2026,Buy-and-Hold Equal Weight,deterministic,0.002,20,nextclose_t1_t6_stride5_v2_20260905,drift_full_l1_entry_fee_mark_to_market_v1_20260905,1.4690658532214067,0.2139164513379821,0.20380269016089886,0.13824989033350402,1.4741616768683146,0.15206653127006986,1.4067293411070638,1.0000000000000113
DJIA30_2026,Buy-and-Hold Equal Weight,deterministic,0.005,50,nextclose_t1_t6_stride5_v2_20260905,drift_full_l1_entry_fee_mark_to_market_v1_20260905,1.4646498236025038,0.21207595831735904,0.20227361491060716,0.1382082675133254,1.463542077112752,0.15206653127006986,1.3946261320363291,1.0000000000000113
SP500_TOP50_EX_PLTR_2026,Proposed Feedback + Reliability-policy,1,0.0005,5,nextclose_t1_t6_stride5_v2_20260905,drift_full_l1_entry_fee_mark_to_market_v1_20260905,1.5675409157111762,0.25714149020259236,0.28321190862209855,0.33191904649942783,0.8532559719274403,0.33324400193470527,0.7716312633077064,47.63713833680053
SP500_TOP50_EX_PLTR_2026,Proposed Feedback + Reliability-policy,1,0.001,10,nextclose_t1_t6_stride5_v2_20260905,drift_full_l1_entry_fee_mark_to_market_v1_20260905,1.5306278518131464,0.2419823917227666,0.2710172372067038,0.3318495816794093,0.8166869936528232,0.33574142659502115,0.7207403452617457,47.63713833680053
SP500_TOP50_EX_PLTR_2026,Proposed Feedback + Reliability-policy,1,0.002,20,nextclose_t1_t6_stride5_v2_20260905,drift_full_l1_entry_fee_mark_to_market_v1_20260905,1.4593553357300137,0.21219614446163537,0.24662789437591331,0.3317199096829197,0.743482339096429,0.340710295196628,0.6228052026991859,47.63713833680053
SP500_TOP50_EX_PLTR_2026,Proposed Feedback + Reliability-policy,1,0.005,50,nextclose_t1_t6_stride5_v2_20260905,drift_full_l1_entry_fee_mark_to_market_v1_20260905,1.264605518992175,0.12694935858752054,0.1734598658835456,0.33140507748734094,0.5234073877162351,0.3554110428358419,0.3571902481548842,47.63713833680053
SP500_TOP50_EX_PLTR_2026,Proposed Feedback + Reliability-policy,2,0.0005,5,nextclose_t1_t6_stride5_v2_20260905,drift_full_l1_entry_fee_mark_to_market_v1_20260905,1.8121141028249903,0.3534428166256298,0.35580136999056516,0.3248491570324978,1.0952818016854848,0.37094792646455443,0.9528097919140214,42.33929144625398
SP500_TOP50_EX_PLTR_2026,Proposed Feedback + Reliability-policy,2,0.001,10,nextclose_t1_t6_stride5_v2_20260905,drift_full_l1_entry_fee_mark_to_market_v1_20260905,1.774140302599849,0.3389288757667821,0.3449456083758826,0.32478045814406764,1.0620885577508177,0.3731390772870049,0.9083178267766644,42.33929144625398
SP500_TOP50_EX_PLTR_2026,Proposed Feedback + Reliability-policy,2,0.002,20,nextclose_t1_t6_stride5_v2_20260905,drift_full_l1_entry_fee_mark_to_market_v1_20260905,1.7005341625753645,0.31035482159918026,0.32323408514651436,0.32464870156247166,0.9956426241375708,0.37750037795635005,0.822131154621165,42.33929144625398
SP500_TOP50_EX_PLTR_2026,Proposed Feedback + Reliability-policy,2,0.005,50,nextclose_t1_t6_stride5_v2_20260905,drift_full_l1_entry_fee_mark_to_market_v1_20260905,1.4973312874261493,0.22815377881985044,0.2580995154584148,0.32429864094484556,0.7958698645990027,0.390417737086747,0.5843837437364094,42.33929144625398
SP500_TOP50_EX_PLTR_2026,Proposed Feedback + Reliability-policy,3,0.0005,5,nextclose_t1_t6_stride5_v2_20260905,drift_full_l1_entry_fee_mark_to_market_v1_20260905,2.2205013017154096,0.5009805717141318,0.5089082010794804,0.4584219235763664,1.1101305912885813,0.42059385168787145,1.1911267121563072,43.29490642019929
SP500_TOP50_EX_PLTR_2026,Proposed Feedback + Reliability-policy,3,0.001,10,nextclose_t1_t6_stride5_v2_20260905,drift_full_l1_entry_fee_mark_to_market_v1_20260905,2.172929351913482,0.48452273877338303,0.49774998837375173,0.45827574953611716,1.0861364339649038,0.42217720441571227,1.1476762215145087,43.29490642019929
SP500_TOP50_EX_PLTR_2026,Proposed Feedback + Reliability-policy,3,0.002,20,nextclose_t1_t6_stride5_v2_20260905,drift_full_l1_entry_fee_mark_to_market_v1_20260905,2.0807822467383397,0.4521326366683762,0.47543356296229494,0.45798847250157604,1.038090675875382,0.42533209361699786,1.0630108648126413,43.29490642019929
SP500_TOP50_EX_PLTR_2026,Proposed Feedback + Reliability-policy,3,0.005,50,nextclose_t1_t6_stride5_v2_20260905,drift_full_l1_entry_fee_mark_to_market_v1_20260905,1.826857239311933,0.3590374927089588,0.40848428672792386,0.45716732279460837,0.893511557717881,0.43470286863414076,0.8259377119757075,43.29490642019929
SP500_TOP50_EX_PLTR_2026,Proposed Feedback + Reliability-policy,4,0.0005,5,nextclose_t1_t6_stride5_v2_20260905,drift_full_l1_entry_fee_mark_to_market_v1_20260905,2.184400661918412,0.48850736835871,0.5405234126164277,0.5485652924693883,0.9853401592055526,0.46193184638959073,1.0575312617582673,17.575844933903532
SP500_TOP50_EX_PLTR_2026,Proposed Feedback + Reliability-policy,4,0.001,10,nextclose_t1_t6_stride5_v2_20260905,drift_full_l1_entry_fee_mark_to_market_v1_20260905,2.1652832154296866,0.48186106862049427,0.5359811321798295,0.5484897386275249,0.9771944567659634,0.4626482127212167,1.0415280019915583,17.575844933903532
SP500_TOP50_EX_PLTR_2026,Proposed Feedback + Reliability-policy,4,0.002,20,nextclose_t1_t6_stride5_v2_20260905,drift_full_l1_entry_fee_mark_to_market_v1_20260905,2.127538559407498,0.46865376841555006,0.5268965713066333,0.5483410383319586,0.9608920990291755,0.4640784014685718,1.0098590387583208,17.575844933903532
SP500_TOP50_EX_PLTR_2026,Proposed Feedback + Reliability-policy,4,0.005,50,nextclose_t1_t6_stride5_v2_20260905,drift_full_l1_entry_fee_mark_to_market_v1_20260905,2.018128854211024,0.4297058971926946,0.49964288868704465,0.5479142197537948,0.9118998388316315,0.46834868011871356,0.9174914234492471,17.575844933903532
SP500_TOP50_EX_PLTR_2026,Proposed Feedback + Reliability-policy,5,0.0005,5,nextclose_t1_t6_stride5_v2_20260905,drift_full_l1_entry_fee_mark_to_market_v1_20260905,1.9095743943736692,0.39002387648179915,0.44094902319139434,0.4863373441094858,0.9066731735330744,0.3766305779884006,1.0355608367353832,50.656474856389416
SP500_TOP50_EX_PLTR_2026,Proposed Feedback + Reliability-policy,5,0.001,10,nextclose_t1_t6_stride5_v2_20260905,drift_full_l1_entry_fee_mark_to_market_v1_20260905,1.8617909496294713,0.37220619229732765,0.4279207863575658,0.486173326086713,0.8801815389625934,0.3785730157986755,0.983182046169044,50.656474856389416
SP500_TOP50_EX_PLTR_2026,Proposed Feedback + Reliability-policy,5,0.002,20,nextclose_t1_t6_stride5_v2_20260905,drift_full_l1_entry_fee_mark_to_market_v1_20260905,1.7697342520944659,0.3372350086241773,0.4018643126899092,0.4858528457925392,0.8271317461038534,0.38244125835623655,0.881795573191137,50.656474856389416
SP500_TOP50_EX_PLTR_2026,Proposed Feedback + Reliability-policy,5,0.005,50,nextclose_t1_t6_stride5_v2_20260905,drift_full_l1_entry_fee_mark_to_market_v1_20260905,1.5196622210881565,0.237444642038245,0.3236948916869384,0.4849520271450939,0.6674781701450468,0.3939139586573598,0.6027830109081834,50.656474856389416
SP500_TOP50_EX_PLTR_2026,Proposed Feedback + Reliability-policy,6,0.0005,5,nextclose_t1_t6_stride5_v2_20260905,drift_full_l1_entry_fee_mark_to_market_v1_20260905,1.9122023096310328,0.3909973984393258,0.4145124102733603,0.41591937482852914,0.9966172180467695,0.4262402282906482,0.9173169787547816,26.72314823133435
SP500_TOP50_EX_PLTR_2026,Proposed Feedback + Reliability-policy,6,0.001,10,nextclose_t1_t6_stride5_v2_20260905,drift_full_l1_entry_fee_mark_to_market_v1_20260905,1.8868142570892048,0.38156462068569463,0.40769144573066624,0.41594665865590824,0.9801531933158979,0.42771471624362367,0.8921007535975399,26.72314823133435
SP500_TOP50_EX_PLTR_2026,Proposed Feedback + Reliability-policy,6,0.002,20,nextclose_t1_t6_stride5_v2_20260905,drift_full_l1_entry_fee_mark_to_market_v1_20260905,1.8370293921892162,0.36288467462259977,0.3940495166452776,0.4160048536337584,0.9472233633893854,0.4306534597191629,0.8426373141394093,26.72314823133435
SP500_TOP50_EX_PLTR_2026,Proposed Feedback + Reliability-policy,6,0.005,50,nextclose_t1_t6_stride5_v2_20260905,drift_full_l1_entry_fee_mark_to_market_v1_20260905,1.6953040470334257,0.30830158778573624,0.35312372938911346,0.4162084379452412,0.8484300105313397,0.4393883386082196,0.7016608332444463,26.72314823133435
SP500_TOP50_EX_PLTR_2026,Proposed Feedback + Reliability-policy,7,0.0005,5,nextclose_t1_t6_stride5_v2_20260905,drift_full_l1_entry_fee_mark_to_market_v1_20260905,2.6926920294823264,0.6557857110911443,0.5724906651613675,0.3663750310045605,1.5625810077495192,0.3850543421521596,1.7030991195315526,31.51674009879042
SP500_TOP50_EX_PLTR_2026,Proposed Feedback + Reliability-policy,7,0.001,10,nextclose_t1_t6_stride5_v2_20260905,drift_full_l1_entry_fee_mark_to_market_v1_20260905,2.650579596013933,0.6425514366776359,0.5643786319978069,0.36631988422038236,1.5406715723306739,0.38619213491468296,1.6638128500974976,31.51674009879042
SP500_TOP50_EX_PLTR_2026,Proposed Feedback + Reliability-policy,7,0.002,20,nextclose_t1_t6_stride5_v2_20260905,drift_full_l1_entry_fee_mark_to_market_v1_20260905,2.5682958883560145,0.6163915604195462,0.548154565670686,0.36621250578968645,1.4968209905575636,0.3884620370747861,1.586748514889962,31.51674009879042
SP500_TOP50_EX_PLTR_2026,Proposed Feedback + Reliability-policy,7,0.005,50,nextclose_t1_t6_stride5_v2_20260905,drift_full_l1_entry_fee_mark_to_market_v1_20260905,2.3362785759536564,0.5403256131515433,0.49948236668932394,0.36591372169855285,1.3650277020789279,0.39522647883170814,1.367129081909565,31.51674009879042
SP500_TOP50_EX_PLTR_2026,Proposed Feedback + Reliability-policy,8,0.0005,5,nextclose_t1_t6_stride5_v2_20260905,drift_full_l1_entry_fee_mark_to_market_v1_20260905,1.883583887497528,0.3803599392080732,0.4013880132537107,0.40357014613010406,0.9945929279028239,0.348796295198479,1.0904930598291855,48.43538164698413
SP500_TOP50_EX_PLTR_2026,Proposed Feedback + Reliability-policy,8,0.001,10,nextclose_t1_t6_stride5_v2_20260905,drift_full_l1_entry_fee_mark_to_market_v1_20260905,1.8384951927049598,0.3634381880779425,0.3889340951776907,0.40340764855480166,0.9641217675744074,0.35101442811743633,1.0353938726312117,48.43538164698413
SP500_TOP50_EX_PLTR_2026,Proposed Feedback + Reliability-policy,8,0.002,20,nextclose_t1_t6_stride5_v2_20260905,drift_full_l1_entry_fee_mark_to_market_v1_20260905,1.7514906925886076,0.33019930135879827,0.36402625902564867,0.403088625791867,0.9030923616624499,0.35542970878309654,0.9290143541723596,48.43538164698413
SP500_TOP50_EX_PLTR_2026,Proposed Feedback + Reliability-policy,8,0.005,50,nextclose_t1_t6_stride5_v2_20260905,drift_full_l1_entry_fee_mark_to_market_v1_20260905,1.5141393213907937,0.23515309301525056,0.2893027505695229,0.40217950449394946,0.7193373787994095,0.3685091295798313,0.638120128213292,48.43538164698413
SP500_TOP50_EX_PLTR_2026,Proposed Feedback + Reliability-policy,9,0.0005,5,nextclose_t1_t6_stride5_v2_20260905,drift_full_l1_entry_fee_mark_to_market_v1_20260905,1.8586448310731645,0.3710252215622849,0.3498542840161287,0.2595268224146511,1.3480467288932458,0.21167675902425398,1.7527914886479,33.403219958876115
SP500_TOP50_EX_PLTR_2026,Proposed Feedback + Reliability-policy,9,0.001,10,nextclose_t1_t6_stride5_v2_20260905,drift_full_l1_entry_fee_mark_to_market_v1_20260905,1.8278487221852455,0.35941294049136596,0.341338865693808,0.2596544174154848,1.3145890953498252,0.21414125507675963,1.6783918650450294,33.403219958876115
SP500_TOP50_EX_PLTR_2026,Proposed Feedback + Reliability-policy,9,0.002,20,nextclose_t1_t6_stride5_v2_20260905,drift_full_l1_entry_fee_mark_to_market_v1_20260905,1.7677565004853202,0.3364740063597631,0.3243080290491652,0.2599173484190936,1.2477352166822178,0.2190495483738767,1.5360634562252773,33.403219958876115
SP500_TOP50_EX_PLTR_2026,Proposed Feedback + Reliability-policy,9,0.005,50,nextclose_t1_t6_stride5_v2_20260905,drift_full_l1_entry_fee_mark_to_market_v1_20260905,1.5989137082118694,0.2698881417215677,0.27321551911523784,0.2607677815639124,1.0477349520583876,0.23361007685274138,1.1552932363088713,33.403219958876115
SP500_TOP50_EX_PLTR_2026,Proposed Feedback + Reliability-policy,10,0.0005,5,nextclose_t1_t6_stride5_v2_20260905,drift_full_l1_entry_fee_mark_to_market_v1_20260905,2.1648879635337352,0.48172335352652773,0.45609425767687756,0.3550530310058945,1.2845806621752387,0.26505343136609283,1.8174575256155412,45.729624513486336
SP500_TOP50_EX_PLTR_2026,Proposed Feedback + Reliability-policy,10,0.001,10,nextclose_t1_t6_stride5_v2_20260905,drift_full_l1_entry_fee_mark_to_market_v1_20260905,2.1159282342428285,0.46456808575294484,0.44430636705947674,0.3548551093314685,1.252078257789582,0.26726972465298526,1.7381994401203715,45.729624513486336
SP500_TOP50_EX_PLTR_2026,Proposed Feedback + Reliability-policy,10,0.002,20,nextclose_t1_t6_stride5_v2_20260905,drift_full_l1_entry_fee_mark_to_market_v1_20260905,2.0212641776538374,0.43083623952766437,0.42073058582467515,0.35446589255794664,1.1869423678214563,0.27168385298117304,1.585799946519163,45.729624513486336
SP500_TOP50_EX_PLTR_2026,Proposed Feedback + Reliability-policy,10,0.005,50,nextclose_t1_t6_stride5_v2_20260905,drift_full_l1_entry_fee_mark_to_market_v1_20260905,1.761645044394029,0.3341197859364238,0.35000324212027073,0.3533515138822469,0.990524246733263,0.2847796962401423,1.173257048686066,45.729624513486336
SP500_TOP50_EX_PLTR_2026,FinGAT,1,0.0005,5,nextclose_t1_t6_stride5_v2_20260905,drift_full_l1_entry_fee_mark_to_market_v1_20260905,1.7807001117439087,0.3414469149778867,0.3219570469467237,0.23418201966767693,1.3748153995921915,0.20091330840470445,1.6994738561076406,117.04404775926812
SP500_TOP50_EX_PLTR_2026,FinGAT,1,0.001,10,nextclose_t1_t6_stride5_v2_20260905,drift_full_l1_entry_fee_mark_to_market_v1_20260905,1.679383781040804,0.3020324109086825,0.2919436402418403,0.23399705659368158,1.24763808781056,0.2038031661452021,1.481980955553437,117.04404775926812
SP500_TOP50_EX_PLTR_2026,FinGAT,1,0.002,20,nextclose_t1_t6_stride5_v2_20260905,drift_full_l1_entry_fee_mark_to_market_v1_20260905,1.49354428058844,0.22657145216305175,0.23191682683207332,0.23365235518817304,0.9925721769219831,0.20955696449077466,1.0811926614494654,117.04404775926812
SP500_TOP50_EX_PLTR_2026,FinGAT,1,0.005,50,nextclose_t1_t6_stride5_v2_20260905,drift_full_l1_entry_fee_mark_to_market_v1_20260905,1.0495891415454381,0.024945444144210516,0.051836386602771414,0.2328213113918021,0.22264450918558237,0.27098051401393963,0.09205622859999182,117.04404775926812
SP500_TOP50_EX_PLTR_2026,FinGAT,2,0.0005,5,nextclose_t1_t6_stride5_v2_20260905,drift_full_l1_entry_fee_mark_to_market_v1_20260905,1.3821727009861224,0.17912268481578364,0.18964446695063622,0.22212751598994962,0.8537639567320281,0.20117346645814116,0.8903892146882815,121.86473805702681
SP500_TOP50_EX_PLTR_2026,FinGAT,2,0.001,10,nextclose_t1_t6_stride5_v2_20260905,drift_full_l1_entry_fee_mark_to_market_v1_20260905,1.300385305667016,0.1430705751982555,0.1584762366069554,0.22194681862548016,0.7140279711527339,0.20438370035035536,0.7000097118948495,121.86473805702681
SP500_TOP50_EX_PLTR_2026,FinGAT,2,0.002,20,nextclose_t1_t6_stride5_v2_20260905,drift_full_l1_entry_fee_mark_to_market_v1_20260905,1.150895985776232,0.07416973301557528,0.09613977591959523,0.22162027809350132,0.4338040577633152,0.2107726331979446,0.3518945125381608,121.86473805702681
SP500_TOP50_EX_PLTR_2026,FinGAT,2,0.005,50,nextclose_t1_t6_stride5_v2_20260905,drift_full_l1_entry_fee_mark_to_market_v1_20260905,0.7970442171573832,-0.10906587631425346,-0.09086960614248878,0.22092117974403758,-0.41132138732814844,0.34639643229843353,-0.31485854398260404,121.86473805702681
SP500_TOP50_EX_PLTR_2026,FinGAT,3,0.0005,5,nextclose_t1_t6_stride5_v2_20260905,drift_full_l1_entry_fee_mark_to_market_v1_20260905,1.2394771189756104,0.11549307843221546,0.14562874784855878,0.2696064020236918,0.5401531519854695,0.3990326144940989,0.28943267852588883,147.31634908165984
SP500_TOP50_EX_PLTR_2026,FinGAT,3,0.001,10,nextclose_t1_t6_stride5_v2_20260905,drift_full_l1_entry_fee_mark_to_market_v1_20260905,1.151358616239182,0.07438953092646461,0.10795011499631438,0.26927382731322536,0.40089345508779944,0.41658345756350135,0.17857053508929874,147.31634908165984
SP500_TOP50_EX_PLTR_2026,FinGAT,3,0.002,20,nextclose_t1_t6_stride5_v2_20260905,drift_full_l1_entry_fee_mark_to_market_v1_20260905,0.9932932756824221,-0.0034199718525457223,0.03259284929182585,0.26863346991571474,0.12132832629549861,0.45020277609391346,-0.007596514357859729,147.31634908165984
SP500_TOP50_EX_PLTR_2026,FinGAT,3,0.005,50,nextclose_t1_t6_stride5_v2_20260905,drift_full_l1_entry_fee_mark_to_market_v1_20260905,0.6368782266233693,-0.20522006319128505,-0.19347894782163874,0.266912806085456,-0.7248769763399575,0.5647374882375118,-0.3633901900717729,147.31634908165984
SP500_TOP50_EX_PLTR_2026,FinGAT,4,0.0005,5,nextclose_t1_t6_stride5_v2_20260905,drift_full_l1_entry_fee_mark_to_market_v1_20260905,1.781966700404988,0.34193258113343394,0.33596801548700694,0.288376114677605,1.1650341286503847,0.29030776208001585,1.1778278978265453,169.75517869775223
SP500_TOP50_EX_PLTR_2026,FinGAT,4,0.001,10,nextclose_t1_t6_stride5_v2_20260905,drift_full_l1_entry_fee_mark_to_market_v1_20260905,1.6367727910873167,0.2851077643954725,0.29241892866971086,0.28808211627709407,1.015054084053053,0.2944399348445851,0.968305350787289,169.75517869775223
SP500_TOP50_EX_PLTR_2026,FinGAT,4,0.002,20,nextclose_t1_t6_stride5_v2_20260905,drift_full_l1_entry_fee_mark_to_market_v1_20260905,1.380597567368126,0.1784384093646154,0.20532075503512234,0.28750956143461087,0.714135397830305,0.30264315423090427,0.5896000186030121,169.75517869775223
SP500_TOP50_EX_PLTR_2026,FinGAT,4,0.005,50,nextclose_t1_t6_stride5_v2_20260905,drift_full_l1_entry_fee_mark_to_market_v1_20260905,0.8270037819823733,-0.09217149315635575,-0.05597376586865103,0.28591652078198815,-0.1957696103588611,0.36425529196108053,-0.2530409171548947,169.75517869775223
SP500_TOP50_EX_PLTR_2026,FinGAT,5,0.0005,5,nextclose_t1_t6_stride5_v2_20260905,drift_full_l1_entry_fee_mark_to_market_v1_20260905,1.201390313796724,0.0979093009088785,0.1227913532607872,0.24205004306374056,0.5072973824196007,0.21854245515639925,0.4480104373258276,134.3525733494638
SP500_TOP50_EX_PLTR_2026,FinGAT,5,0.001,10,nextclose_t1_t6_stride5_v2_20260905,drift_full_l1_entry_fee_mark_to_market_v1_20260905,1.12325410339075,0.060957281896469206,0.08848080886389616,0.24187243863736832,0.3658160035197422,0.22918357683369606,0.26597578560658397,134.3525733494638
SP500_TOP50_EX_PLTR_2026,FinGAT,5,0.002,20,nextclose_t1_t6_stride5_v2_20260905,drift_full_l1_entry_fee_mark_to_market_v1_20260905,0.9817524501975201,-0.009331651255748752,0.01985972007011393,0.24153791593714352,0.08222195671872118,0.2694724359398849,-0.03462933499376722,134.3525733494638
SP500_TOP50_EX_PLTR_2026,FinGAT,5,0.005,50,nextclose_t1_t6_stride5_v2_20260905,drift_full_l1_entry_fee_mark_to_market_v1_20260905,0.654728450107029,-0.19395658260305093,-0.18600354631123112,0.2407008187006849,-0.772758261958923,0.46101529207501335,-0.42071615830802334,134.3525733494638
SP500_TOP50_EX_PLTR_2026,FinGAT,6,0.0005,5,nextclose_t1_t6_stride5_v2_20260905,drift_full_l1_entry_fee_mark_to_market_v1_20260905,1.63137410725944,0.28294809921660713,0.2759867799918869,0.23156371282312083,1.1918395012205496,0.20356602778239674,1.3899573632151745,132.83054655401995
SP500_TOP50_EX_PLTR_2026,FinGAT,6,0.001,10,nextclose_t1_t6_stride5_v2_20260905,drift_full_l1_entry_fee_mark_to_market_v1_20260905,1.5264331059336176,0.2402484309616122,0.24190782108046519,0.23117929446708474,1.0464078179584027,0.21186610932445749,1.1339634815952997,132.83054655401995
SP500_TOP50_EX_PLTR_2026,FinGAT,6,0.002,20,nextclose_t1_t6_stride5_v2_20260905,drift_full_l1_entry_fee_mark_to_market_v1_20260905,1.3361709933637524,0.15897807461355162,0.17374990325762033,0.23044019522399412,0.7539913038553483,0.23252758700756793,0.6836955419331706,132.83054655401995
SP500_TOP50_EX_PLTR_2026,FinGAT,6,0.005,50,nextclose_t1_t6_stride5_v2_20260905,drift_full_l1_entry_fee_mark_to_market_v1_20260905,0.8951567859985222,-0.054824896940304346,-0.03072385021091367,0.2284641444587217,-0.13447996526415448,0.3148820173332797,-0.17411250539047513,132.83054655401995
SP500_TOP50_EX_PLTR_2026,FinGAT,7,0.0005,5,nextclose_t1_t6_stride5_v2_20260905,drift_full_l1_entry_fee_mark_to_market_v1_20260905,1.3356300508218566,0.15873918194444792,0.17573427203329647,0.23740543124653657,0.7402285243036545,0.23972928705054297,0.6621601553045973,152.76879309134947
SP500_TOP50_EX_PLTR_2026,FinGAT,7,0.001,10,nextclose_t1_t6_stride5_v2_20260905,drift_full_l1_entry_fee_mark_to_market_v1_20260905,1.2372925752474233,0.11449175944156043,0.13670922925417783,0.23735190068827516,0.5759769728312568,0.24857426686838968,0.46059377297562065,152.76879309134947
SP500_TOP50_EX_PLTR_2026,FinGAT,7,0.002,20,nextclose_t1_t6_stride5_v2_20260905,drift_full_l1_entry_fee_mark_to_market_v1_20260905,1.0616069112241429,0.03090323527460037,0.05865914369594141,0.237264942427867,0.2472305562536905,0.28356987164688796,0.10897926177814214,152.76879309134947
SP500_TOP50_EX_PLTR_2026,FinGAT,7,0.005,50,nextclose_t1_t6_stride5_v2_20260905,drift_full_l1_entry_fee_mark_to_market_v1_20260905,0.6695537650804366,-0.18471592426854433,-0.17549111297876754,0.23716510472697883,-0.7399533467657077,0.4555667770766788,-0.4054639924663642,152.76879309134947
SP500_TOP50_EX_PLTR_2026,FinGAT,8,0.0005,5,nextclose_t1_t6_stride5_v2_20260905,drift_full_l1_entry_fee_mark_to_market_v1_20260905,1.9740234784484763,0.41371275998467216,0.37439070744064346,0.23477544476079387,1.5946757456773202,0.17119704274082492,2.4165882386823214,140.72331389256294
SP500_TOP50_EX_PLTR_2026,FinGAT,8,0.001,10,nextclose_t1_t6_stride5_v2_20260905,drift_full_l1_entry_fee_mark_to_market_v1_20260905,1.8397377232751744,0.3639072210280725,0.33829296794111086,0.23466877293438218,1.4415764130479514,0.17335226383629787,2.09923546987377,140.72331389256294
SP500_TOP50_EX_PLTR_2026,FinGAT,8,0.002,20,nextclose_t1_t6_stride5_v2_20260905,drift_full_l1_entry_fee_mark_to_market_v1_20260905,1.5976640223821594,0.26938275948863044,0.26609748894204366,0.2345180215016088,1.1346568900685452,0.17914071813785093,1.5037494673954426,140.72331389256294
SP500_TOP50_EX_PLTR_2026,FinGAT,8,0.005,50,nextclose_t1_t6_stride5_v2_20260905,drift_full_l1_entry_fee_mark_to_market_v1_20260905,1.0448392156055855,0.02258144760315317,0.0495110519448441,0.2345674520604534,0.21107383616071324,0.2433501900974846,0.09279404135294565,140.72331389256294
SP500_TOP50_EX_PLTR_2026,FinGAT,9,0.0005,5,nextclose_t1_t6_stride5_v2_20260905,drift_full_l1_entry_fee_mark_to_market_v1_20260905,1.3603932880282095,0.1696269644420172,0.18098266039921693,0.2201573908468985,0.8220603437523276,0.19391102467672205,0.8747669954547972,162.03641429343025
SP500_TOP50_EX_PLTR_2026,FinGAT,9,0.001,10,nextclose_t1_t6_stride5_v2_20260905,drift_full_l1_entry_fee_mark_to_market_v1_20260905,1.2543934539989965,0.12230718179439193,0.13957456525047418,0.2200784457147283,0.6342037031259052,0.20900881806285687,0.5851771371560482,162.03641429343025
SP500_TOP50_EX_PLTR_2026,FinGAT,9,0.002,20,nextclose_t1_t6_stride5_v2_20260905,drift_full_l1_entry_fee_mark_to_market_v1_20260905,1.066306968940749,0.0332242694204552,0.056758374952986676,0.21993882150513464,0.2580643770143217,0.23840054294204838,0.13936322883514374,162.03641429343025
SP500_TOP50_EX_PLTR_2026,FinGAT,9,0.005,50,nextclose_t1_t6_stride5_v2_20260905,drift_full_l1_entry_fee_mark_to_market_v1_20260905,0.6538871536209825,-0.19448402942646215,-0.1916901959394733,0.21966644971717794,-0.8726421180215538,0.45176353576312045,-0.43049961767706435,162.03641429343025
SP500_TOP50_EX_PLTR_2026,FinGAT,10,0.0005,5,nextclose_t1_t6_stride5_v2_20260905,drift_full_l1_entry_fee_mark_to_market_v1_20260905,1.0500215146325842,0.025160371407808135,0.05580144674195818,0.2488714700186205,0.22421793360959827,0.24797090981703573,0.10146501227249845,126.09478003562975
SP500_TOP50_EX_PLTR_2026,FinGAT,10,0.001,10,nextclose_t1_t6_stride5_v2_20260905,drift_full_l1_entry_fee_mark_to_market_v1_20260905,0.9857975191428253,-0.007255738858140459,0.023625604845408196,0.24864372057822032,0.09501790268608801,0.27059808131091345,-0.02681371140175867,126.09478003562975
SP500_TOP50_EX_PLTR_2026,FinGAT,10,0.002,20,nextclose_t1_t6_stride5_v2_20260905,drift_full_l1_entry_fee_mark_to_market_v1_20260905,0.8687762499670726,-0.06910952275840943,-0.040726078947690814,0.2482185886513355,-0.16407344497835896,0.3138754117266561,-0.22018138463994963,126.09478003562975
SP500_TOP50_EX_PLTR_2026,FinGAT,10,0.005,50,nextclose_t1_t6_stride5_v2_20260905,drift_full_l1_entry_fee_mark_to_market_v1_20260905,0.5940127882856396,-0.23291852342952546,-0.23378113032698977,0.24718789677476938,-0.9457628523778595,0.5128798456653654,-0.4541385772867666,126.09478003562975
SP500_TOP50_EX_PLTR_2026,Buy-and-Hold Equal Weight,deterministic,0.0005,5,nextclose_t1_t6_stride5_v2_20260905,drift_full_l1_entry_fee_mark_to_market_v1_20260905,1.6134133309739613,0.2757377806737833,0.2556550117229114,0.15169230119517282,1.6853525835432899,0.17758455209096213,1.5527126511124978,1.0000000000000084
SP500_TOP50_EX_PLTR_2026,Buy-and-Hold Equal Weight,deterministic,0.001,10,nextclose_t1_t6_stride5_v2_20260905,drift_full_l1_entry_fee_mark_to_market_v1_20260905,1.6126062207533627,0.2754128450692388,0.2553948675778995,0.15166430502625028,1.6839484250014884,0.1775845520909619,1.5508828995900923,1.0000000000000084
SP500_TOP50_EX_PLTR_2026,Buy-and-Hold Equal Weight,deterministic,0.002,20,nextclose_t1_t6_stride5_v2_20260905,drift_full_l1_entry_fee_mark_to_market_v1_20260905,1.6109920003121705,0.27476273426082054,0.2548745792878757,0.151610927612247,1.6811095565600058,0.1775845520909619,1.5472220473325984,1.0000000000000084
SP500_TOP50_EX_PLTR_2026,Buy-and-Hold Equal Weight,deterministic,0.005,50,nextclose_t1_t6_stride5_v2_20260905,drift_full_l1_entry_fee_mark_to_market_v1_20260905,1.6061493389885864,0.27281048073897285,0.25331371441780426,0.15147174657990287,1.6723495974490445,0.1775845520909619,1.5362286726338368,1.0000000000000084
TAIWAN50_0050_EX_LATE_HISTORY_2026_PREVCLOSE_ADJUSTED,Proposed Feedback + Reliability-policy,1,0.0005,5,nextclose_t1_t6_stride5_v2_20260905,drift_full_l1_entry_fee_mark_to_market_v1_20260905,2.17767473632944,0.5046875643876756,0.4570148943162653,0.30791341342168677,1.484231846991298,0.2770161079235689,1.8218708224971638,40.312189718336526
TAIWAN50_0050_EX_LATE_HISTORY_2026_PREVCLOSE_ADJUSTED,Proposed Feedback + Reliability-policy,1,0.001,10,nextclose_t1_t6_stride5_v2_20260905,drift_full_l1_entry_fee_mark_to_market_v1_20260905,2.134203161708788,0.4888425545981703,0.44634682727978,0.3078979930249912,1.4496581250646583,0.28181558702117615,1.734618584320667,40.312189718336526
TAIWAN50_0050_EX_LATE_HISTORY_2026_PREVCLOSE_ADJUSTED,Proposed Feedback + Reliability-policy,1,0.002,20,nextclose_t1_t6_stride5_v2_20260905,drift_full_l1_entry_fee_mark_to_market_v1_20260905,2.0498123146969345,0.45763873759260965,0.42501069320680707,0.3078737706362828,1.380470614071596,0.2916063032720031,1.5693718978554987,40.312189718336526
TAIWAN50_0050_EX_LATE_HISTORY_2026_PREVCLOSE_ADJUSTED,Proposed Feedback + Reliability-policy,1,0.005,50,nextclose_t1_t6_stride5_v2_20260905,drift_full_l1_entry_fee_mark_to_market_v1_20260905,1.8158993679123272,0.3678018385704305,0.36100229098788944,0.30785406518587805,1.1726409744497648,0.3205957980342843,1.1472447263051713,40.312189718336526
TAIWAN50_0050_EX_LATE_HISTORY_2026_PREVCLOSE_ADJUSTED,Proposed Feedback + Reliability-policy,2,0.0005,5,nextclose_t1_t6_stride5_v2_20260905,drift_full_l1_entry_fee_mark_to_market_v1_20260905,3.0189493369730616,0.7861762402280004,0.6276542114464461,0.29911664447194003,2.0983593626309416,0.20930162803725827,3.7561878882664557,34.40183449650898
TAIWAN50_0050_EX_LATE_HISTORY_2026_PREVCLOSE_ADJUSTED,Proposed Feedback + Reliability-policy,2,0.001,10,nextclose_t1_t6_stride5_v2_20260905,drift_full_l1_entry_fee_mark_to_market_v1_20260905,2.9674456378511427,0.7701128511832309,0.6184727937355241,0.29893964873311146,2.0688884741671947,0.21014344145909258,3.664700862592204,34.40183449650898
TAIWAN50_0050_EX_LATE_HISTORY_2026_PREVCLOSE_ADJUSTED,Proposed Feedback + Reliability-policy,2,0.002,20,nextclose_t1_t6_stride5_v2_20260905,drift_full_l1_entry_fee_mark_to_market_v1_20260905,2.867022362092631,0.738406420017252,0.6001099583136817,0.29859214327166245,2.0097982208717897,0.2118248631014864,3.4859289377351215,34.40183449650898
TAIWAN50_0050_EX_LATE_HISTORY_2026_PREVCLOSE_ADJUSTED,Proposed Feedback + Reliability-policy,2,0.005,50,nextclose_t1_t6_stride5_v2_20260905,drift_full_l1_entry_fee_mark_to_market_v1_20260905,2.5854208617252192,0.646565098473483,0.5450214520481569,0.29760178342706994,1.83137831289818,0.22013231396506217,2.9371657746536077,34.40183449650898
TAIWAN50_0050_EX_LATE_HISTORY_2026_PREVCLOSE_ADJUSTED,Proposed Feedback + Reliability-policy,3,0.0005,5,nextclose_t1_t6_stride5_v2_20260905,drift_full_l1_entry_fee_mark_to_market_v1_20260905,2.7721430093087425,0.7079620089145455,0.5902794802305692,0.32903447045325146,1.7939745930493167,0.31856405335031324,2.2223537196647407,57.02888881853081
TAIWAN50_0050_EX_LATE_HISTORY_2026_PREVCLOSE_ADJUSTED,Proposed Feedback + Reliability-policy,3,0.001,10,nextclose_t1_t6_stride5_v2_20260905,drift_full_l1_entry_fee_mark_to_market_v1_20260905,2.6941697650893808,0.6825698517192726,0.5751098135884276,0.32888682647713546,1.7486556690296922,0.3216209418219831,2.1222804953325287,57.02888881853081
TAIWAN50_0050_EX_LATE_HISTORY_2026_PREVCLOSE_ADJUSTED,Proposed Feedback + Reliability-policy,3,0.002,20,nextclose_t1_t6_stride5_v2_20260905,drift_full_l1_entry_fee_mark_to_market_v1_20260905,2.544658924068437,0.632884735615943,0.5447704803041443,0.32860285211508533,1.657838563474645,0.3276965693862989,1.931313278015672,57.02888881853081
TAIWAN50_0050_EX_LATE_HISTORY_2026_PREVCLOSE_ADJUSTED,Proposed Feedback + Reliability-policy,3,0.005,50,nextclose_t1_t6_stride5_v2_20260905,drift_full_l1_entry_fee_mark_to_market_v1_20260905,2.1435365385903298,0.49225731925245375,0.45375248045129535,0.3278417788290744,1.3840593534842505,0.3712523741154391,1.3259371618170144,57.02888881853081
TAIWAN50_0050_EX_LATE_HISTORY_2026_PREVCLOSE_ADJUSTED,Proposed Feedback + Reliability-policy,4,0.0005,5,nextclose_t1_t6_stride5_v2_20260905,drift_full_l1_entry_fee_mark_to_market_v1_20260905,2.4473896786967835,0.5998127003894778,0.5151307816233145,0.29437191846596067,1.749931801605869,0.2797637574477183,2.143997156249124,42.23518589919795
TAIWAN50_0050_EX_LATE_HISTORY_2026_PREVCLOSE_ADJUSTED,Proposed Feedback + Reliability-policy,4,0.001,10,nextclose_t1_t6_stride5_v2_20260905,drift_full_l1_entry_fee_mark_to_market_v1_20260905,2.396225329687748,0.5821658950404289,0.5038951173611061,0.2941987450348401,1.7127711313025247,0.2827882146929436,2.0586639215943103,42.23518589919795
TAIWAN50_0050_EX_LATE_HISTORY_2026_PREVCLOSE_ADJUSTED,Proposed Feedback + Reliability-policy,4,0.002,20,nextclose_t1_t6_stride5_v2_20260905,drift_full_l1_entry_fee_mark_to_market_v1_20260905,2.2970385041391523,0.5474383097752995,0.48142378883668774,0.2938623604809481,1.6382628522032163,0.28880174392380675,1.8955505681424405,42.23518589919795
TAIWAN50_0050_EX_LATE_HISTORY_2026_PREVCLOSE_ADJUSTED,Proposed Feedback + Reliability-policy,4,0.005,50,nextclose_t1_t6_stride5_v2_20260905,drift_full_l1_entry_fee_mark_to_market_v1_20260905,2.02312382746304,0.4476440649072244,0.4140098032634367,0.2929333069633427,1.4133244442402906,0.3150602581274351,1.4208204727813116,42.23518589919795
TAIWAN50_0050_EX_LATE_HISTORY_2026_PREVCLOSE_ADJUSTED,Proposed Feedback + Reliability-policy,5,0.0005,5,nextclose_t1_t6_stride5_v2_20260905,drift_full_l1_entry_fee_mark_to_market_v1_20260905,2.972526138840358,0.7717032555060999,0.625642684988071,0.32009652971256897,1.9545437919925828,0.27553859331083963,2.8007084097853716,79.72113165761345
TAIWAN50_0050_EX_LATE_HISTORY_2026_PREVCLOSE_ADJUSTED,Proposed Feedback + Reliability-policy,5,0.001,10,nextclose_t1_t6_stride5_v2_20260905,drift_full_l1_entry_fee_mark_to_market_v1_20260905,2.856291959942125,0.7349875537024912,0.6043997099544115,0.3198202105826176,1.8898108685919954,0.2863568609671413,2.5666839314418564,79.72113165761345
TAIWAN50_0050_EX_LATE_HISTORY_2026_PREVCLOSE_ADJUSTED,Proposed Feedback + Reliability-policy,5,0.002,20,nextclose_t1_t6_stride5_v2_20260905,drift_full_l1_entry_fee_mark_to_market_v1_20260905,2.6371368664324972,0.6637752204058649,0.5619137598870914,0.31927565586916473,1.759964311583332,0.30752535797723646,2.1584406072132714,79.72113165761345
TAIWAN50_0050_EX_LATE_HISTORY_2026_PREVCLOSE_ADJUSTED,Proposed Feedback + Reliability-policy,5,0.005,50,nextclose_t1_t6_stride5_v2_20260905,drift_full_l1_entry_fee_mark_to_market_v1_20260905,2.074589995440199,0.46686263681405293,0.4344559096851322,0.3177071527220136,1.3674728628639692,0.3674413384410208,1.2705773356771903,79.72113165761345
TAIWAN50_0050_EX_LATE_HISTORY_2026_PREVCLOSE_ADJUSTED,Proposed Feedback + Reliability-policy,6,0.0005,5,nextclose_t1_t6_stride5_v2_20260905,drift_full_l1_entry_fee_mark_to_market_v1_20260905,2.4151404193681736,0.5887104521682855,0.491120735872723,0.22739906275708835,2.159730695096781,0.19085453415413,3.0846029138236544,62.769842383824155
TAIWAN50_0050_EX_LATE_HISTORY_2026_PREVCLOSE_ADJUSTED,Proposed Feedback + Reliability-policy,6,0.001,10,nextclose_t1_t6_stride5_v2_20260905,drift_full_l1_entry_fee_mark_to_market_v1_20260905,2.340473685427815,0.562731892381261,0.47448857644857506,0.22737516009731104,2.0868092022255444,0.1925208819843348,2.9229654808409293,62.769842383824155
TAIWAN50_0050_EX_LATE_HISTORY_2026_PREVCLOSE_ADJUSTED,Proposed Feedback + Reliability-policy,6,0.002,20,nextclose_t1_t6_stride5_v2_20260905,drift_full_l1_entry_fee_mark_to_market_v1_20260905,2.1979096731781547,0.5120117502690356,0.44122425760027906,0.22734547121604662,1.9407655461101454,0.19584506651943867,2.614371448658451,62.769842383824155
TAIWAN50_0050_EX_LATE_HISTORY_2026_PREVCLOSE_ADJUSTED,Proposed Feedback + Reliability-policy,6,0.005,50,nextclose_t1_t6_stride5_v2_20260905,drift_full_l1_entry_fee_mark_to_market_v1_20260905,1.8196770033719105,0.36929496419301744,0.34143130105539093,0.2274013779283011,1.5014478107649951,0.21331079423587873,1.731253055035985,62.769842383824155
TAIWAN50_0050_EX_LATE_HISTORY_2026_PREVCLOSE_ADJUSTED,Proposed Feedback + Reliability-policy,7,0.0005,5,nextclose_t1_t6_stride5_v2_20260905,drift_full_l1_entry_fee_mark_to_market_v1_20260905,1.9864081662444928,0.43379135759704823,0.3920104483920031,0.2486637805483916,1.5764678214393804,0.27058369352690104,1.6031688825842765,77.11807136437
TAIWAN50_0050_EX_LATE_HISTORY_2026_PREVCLOSE_ADJUSTED,Proposed Feedback + Reliability-policy,7,0.001,10,nextclose_t1_t6_stride5_v2_20260905,drift_full_l1_entry_fee_mark_to_market_v1_20260905,1.911220522261358,0.4050383233284862,0.3715608178982321,0.24839947307383484,1.4958196702284812,0.2767183580731456,1.4637204634664012,77.11807136437
TAIWAN50_0050_EX_LATE_HISTORY_2026_PREVCLOSE_ADJUSTED,Proposed Feedback + Reliability-policy,7,0.002,20,nextclose_t1_t6_stride5_v2_20260905,drift_full_l1_entry_fee_mark_to_market_v1_20260905,1.7691796972928784,0.34921223895761955,0.33066155691069016,0.24788688549271817,1.333921140093567,0.2930244751425025,1.191751094470153,77.11807136437
TAIWAN50_0050_EX_LATE_HISTORY_2026_PREVCLOSE_ADJUSTED,Proposed Feedback + Reliability-policy,7,0.005,50,nextclose_t1_t6_stride5_v2_20260905,drift_full_l1_entry_fee_mark_to_market_v1_20260905,1.4027072102632259,0.1944217150280807,0.20796377394806423,0.24647851035449156,0.8437399822360396,0.3469396145543949,0.5603906468789781,77.11807136437
TAIWAN50_0050_EX_LATE_HISTORY_2026_PREVCLOSE_ADJUSTED,Proposed Feedback + Reliability-policy,8,0.0005,5,nextclose_t1_t6_stride5_v2_20260905,drift_full_l1_entry_fee_mark_to_market_v1_20260905,2.3772310924182336,0.5755692129327252,0.5098785461843457,0.329311811007395,1.5483153933185103,0.28447327796745703,2.023280418621846,46.0835393516084
TAIWAN50_0050_EX_LATE_HISTORY_2026_PREVCLOSE_ADJUSTED,Proposed Feedback + Reliability-policy,8,0.001,10,nextclose_t1_t6_stride5_v2_20260905,drift_full_l1_entry_fee_mark_to_market_v1_20260905,2.3230557981470183,0.5566153605633544,0.49768972942505013,0.32933803926691374,1.5111820381662469,0.2938987022847621,1.8939020697819986,46.0835393516084
TAIWAN50_0050_EX_LATE_HISTORY_2026_PREVCLOSE_ADJUSTED,Proposed Feedback + Reliability-policy,8,0.002,20,nextclose_t1_t6_stride5_v2_20260905,drift_full_l1_entry_fee_mark_to_market_v1_20260905,2.2183313413236196,0.5193711227774975,0.4733120959064601,0.32939973501028086,1.4368927646274143,0.312387793510965,1.6625845617724728,46.0835393516084
TAIWAN50_0050_EX_LATE_HISTORY_2026_PREVCLOSE_ADJUSTED,Proposed Feedback + Reliability-policy,8,0.005,50,nextclose_t1_t6_stride5_v2_20260905,drift_full_l1_entry_fee_mark_to_market_v1_20260905,1.9312963620891217,0.41276746308359535,0.40017919535068774,0.32965866601822175,1.2139198407378375,0.36506789273719153,1.1306594507360368,46.0835393516084
TAIWAN50_0050_EX_LATE_HISTORY_2026_PREVCLOSE_ADJUSTED,Proposed Feedback + Reliability-policy,9,0.0005,5,nextclose_t1_t6_stride5_v2_20260905,drift_full_l1_entry_fee_mark_to_market_v1_20260905,2.7883579203106565,0.7131996343985529,0.5781350075140986,0.2739860954173626,2.11008885919348,0.23739977899459674,3.004213556638507,36.251759854738715
TAIWAN50_0050_EX_LATE_HISTORY_2026_PREVCLOSE_ADJUSTED,Proposed Feedback + Reliability-policy,9,0.001,10,nextclose_t1_t6_stride5_v2_20260905,drift_full_l1_entry_fee_mark_to_market_v1_20260905,2.738251728405443,0.6969674790009612,0.5685072207140207,0.273936535642562,2.075324561510191,0.23809467402884943,2.9272703467382524,36.251759854738715
TAIWAN50_0050_EX_LATE_HISTORY_2026_PREVCLOSE_ADJUSTED,Proposed Feedback + Reliability-policy,9,0.002,20,nextclose_t1_t6_stride5_v2_20260905,drift_full_l1_entry_fee_mark_to_market_v1_20260905,2.64068564370691,0.6649502837983348,0.5492516471138643,0.2738462502162706,2.0056935111585124,0.2394828603356226,2.7766090770188816,36.251759854738715
TAIWAN50_0050_EX_LATE_HISTORY_2026_PREVCLOSE_ADJUSTED,Proposed Feedback + Reliability-policy,9,0.005,50,nextclose_t1_t6_stride5_v2_20260905,drift_full_l1_entry_fee_mark_to_market_v1_20260905,2.3680761524494067,0.572380769760733,0.4914849263133956,0.27364616329681596,1.7960599936506192,0.2456350053998646,2.3302084685729754,36.251759854738715
TAIWAN50_0050_EX_LATE_HISTORY_2026_PREVCLOSE_ADJUSTED,Proposed Feedback + Reliability-policy,10,0.0005,5,nextclose_t1_t6_stride5_v2_20260905,drift_full_l1_entry_fee_mark_to_market_v1_20260905,2.819157236976716,0.7231085286962682,0.5925992530492837,0.30676763330312534,1.9317528601973484,0.22396254334750532,3.2287029692026525,62.39665036705336
TAIWAN50_0050_EX_LATE_HISTORY_2026_PREVCLOSE_ADJUSTED,Proposed Feedback + Reliability-policy,10,0.001,10,nextclose_t1_t6_stride5_v2_20260905,drift_full_l1_entry_fee_mark_to_market_v1_20260905,2.732511640654221,0.6950989735378659,0.5759905803628023,0.30656877822202105,1.8788298785783804,0.2251715278971127,3.08697542726395,62.39665036705336
TAIWAN50_0050_EX_LATE_HISTORY_2026_PREVCLOSE_ADJUSTED,Proposed Feedback + Reliability-policy,10,0.002,20,nextclose_t1_t6_stride5_v2_20260905,drift_full_l1_entry_fee_mark_to_market_v1_20260905,2.5670327311248564,0.6404065256008289,0.5427732349898406,0.3061825914701614,1.7727109578100746,0.22758508604166594,2.813921319447023,62.39665036705336
TAIWAN50_0050_EX_LATE_HISTORY_2026_PREVCLOSE_ADJUSTED,Proposed Feedback + Reliability-policy,10,0.005,50,nextclose_t1_t6_stride5_v2_20260905,drift_full_l1_entry_fee_mark_to_market_v1_20260905,2.127701782409215,0.48645972828176154,0.44312119887095214,0.30511673050877236,1.4523005609428947,0.2347905675503481,2.071887867375447,62.39665036705336
TAIWAN50_0050_EX_LATE_HISTORY_2026_PREVCLOSE_ADJUSTED,FinGAT,1,0.0005,5,nextclose_t1_t6_stride5_v2_20260905,drift_full_l1_entry_fee_mark_to_market_v1_20260905,2.9570651968151105,0.7668593229758318,0.6298027445547028,0.3428489691144573,1.8369684650982525,0.20602884012222733,3.722096976912989,96.79099813305014
TAIWAN50_0050_EX_LATE_HISTORY_2026_PREVCLOSE_ADJUSTED,FinGAT,1,0.001,10,nextclose_t1_t6_stride5_v2_20260905,drift_full_l1_entry_fee_mark_to_market_v1_20260905,2.8172394214663985,0.7224930264415053,0.6041814410027264,0.34304557322866375,1.7612279188339721,0.22283464528867458,3.2422831984027463,96.79099813305014
TAIWAN50_0050_EX_LATE_HISTORY_2026_PREVCLOSE_ADJUSTED,FinGAT,1,0.002,20,nextclose_t1_t6_stride5_v2_20260905,drift_full_l1_entry_fee_mark_to_market_v1_20260905,2.5568832502880086,0.6369982741495641,0.552938833898776,0.34346209891498447,1.6098976732674142,0.255419255389179,2.493932077199811,96.79099813305014
TAIWAN50_0050_EX_LATE_HISTORY_2026_PREVCLOSE_ADJUSTED,FinGAT,1,0.005,50,nextclose_t1_t6_stride5_v2_20260905,drift_full_l1_entry_fee_mark_to_market_v1_20260905,1.9101279378531,0.4046165776421764,0.39921101258692,0.34489715458444986,1.1574784172050079,0.34543332449033626,1.1713304680119125,96.79099813305014
TAIWAN50_0050_EX_LATE_HISTORY_2026_PREVCLOSE_ADJUSTED,FinGAT,2,0.0005,5,nextclose_t1_t6_stride5_v2_20260905,drift_full_l1_entry_fee_mark_to_market_v1_20260905,3.5159732356196174,0.934968588475469,0.7264322608411603,0.3554249352268465,2.04384157903137,0.24101262726728534,3.8793344526242595,103.59154443804037
TAIWAN50_0050_EX_LATE_HISTORY_2026_PREVCLOSE_ADJUSTED,FinGAT,2,0.001,10,nextclose_t1_t6_stride5_v2_20260905,drift_full_l1_entry_fee_mark_to_market_v1_20260905,3.3383371002096047,0.8830131338863503,0.6987682709757853,0.3550530807877717,1.9680670547215018,0.24300390041885256,3.6337405793254707,103.59154443804037
TAIWAN50_0050_EX_LATE_HISTORY_2026_PREVCLOSE_ADJUSTED,FinGAT,2,0.002,20,nextclose_t1_t6_stride5_v2_20260905,drift_full_l1_entry_fee_mark_to_market_v1_20260905,3.009247113109373,0.7831602428456603,0.6434402912450357,0.35432738213447906,1.815948537109753,0.2703809318828765,2.896506929656228,103.59154443804037
TAIWAN50_0050_EX_LATE_HISTORY_2026_PREVCLOSE_ADJUSTED,FinGAT,2,0.005,50,nextclose_t1_t6_stride5_v2_20260905,drift_full_l1_entry_fee_mark_to_market_v1_20260905,2.202453534913008,0.5136520252621173,0.47745635205278636,0.3522956759363244,1.355271678495095,0.356259796825364,1.4417905973092602,103.59154443804037
TAIWAN50_0050_EX_LATE_HISTORY_2026_PREVCLOSE_ADJUSTED,FinGAT,3,0.0005,5,nextclose_t1_t6_stride5_v2_20260905,drift_full_l1_entry_fee_mark_to_market_v1_20260905,3.157992423752813,0.828903617702287,0.6699314391145255,0.3584611252815051,1.8689096023687866,0.22546062596742822,3.6764894719224137,105.38917044249501
TAIWAN50_0050_EX_LATE_HISTORY_2026_PREVCLOSE_ADJUSTED,FinGAT,3,0.001,10,nextclose_t1_t6_stride5_v2_20260905,drift_full_l1_entry_fee_mark_to_market_v1_20260905,2.9957393862746375,0.7789535785004451,0.6418567544509183,0.3582081038486931,1.7918543649756125,0.23779250476272773,3.2757701058647517,105.38917044249501
TAIWAN50_0050_EX_LATE_HISTORY_2026_PREVCLOSE_ADJUSTED,FinGAT,3,0.002,20,nextclose_t1_t6_stride5_v2_20260905,drift_full_l1_entry_fee_mark_to_market_v1_20260905,2.6955391805241673,0.6830187937321348,0.5857073851237056,0.35772448600724316,1.6373142125692963,0.2686695054965218,2.5422267125919773,105.38917044249501
TAIWAN50_0050_EX_LATE_HISTORY_2026_PREVCLOSE_ADJUSTED,FinGAT,3,0.005,50,nextclose_t1_t6_stride5_v2_20260905,drift_full_l1_entry_fee_mark_to_market_v1_20260905,1.9620714391236964,0.42454206649043624,0.4172592771420667,0.35645408565680275,1.170583516733226,0.3700445246957179,1.1472729311142513,105.38917044249501
TAIWAN50_0050_EX_LATE_HISTORY_2026_PREVCLOSE_ADJUSTED,FinGAT,4,0.0005,5,nextclose_t1_t6_stride5_v2_20260905,drift_full_l1_entry_fee_mark_to_market_v1_20260905,4.516279694606141,1.2067845553336216,0.8720070845931702,0.39053856213950827,2.2328322197326873,0.23202208887809928,5.201162359880516,81.86118746881584
TAIWAN50_0050_EX_LATE_HISTORY_2026_PREVCLOSE_ADJUSTED,FinGAT,4,0.001,10,nextclose_t1_t6_stride5_v2_20260905,drift_full_l1_entry_fee_mark_to_market_v1_20260905,4.335021206625484,1.1598341009749613,0.8500950080279895,0.390273055868787,2.1782057337665615,0.23659096797315593,4.902275479537995,81.86118746881584
TAIWAN50_0050_EX_LATE_HISTORY_2026_PREVCLOSE_ADJUSTED,FinGAT,4,0.002,20,nextclose_t1_t6_stride5_v2_20260905,drift_full_l1_entry_fee_mark_to_market_v1_20260905,3.9937844699176352,1.0688401097705995,0.8062708548976278,0.38975702360298087,2.068649969266292,0.24614617065125943,4.342298346314455,81.86118746881584
TAIWAN50_0050_EX_LATE_HISTORY_2026_PREVCLOSE_ADJUSTED,FinGAT,4,0.005,50,nextclose_t1_t6_stride5_v2_20260905,drift_full_l1_entry_fee_mark_to_market_v1_20260905,3.121367375606018,0.8177370762890548,0.6747983955065421,0.38832946831113757,1.737695566708524,0.27416094547194103,2.982689875399288,81.86118746881584
TAIWAN50_0050_EX_LATE_HISTORY_2026_PREVCLOSE_ADJUSTED,FinGAT,5,0.0005,5,nextclose_t1_t6_stride5_v2_20260905,drift_full_l1_entry_fee_mark_to_market_v1_20260905,3.431668021442799,0.9104701898589933,0.7160380187863744,0.36266046543655694,1.974403297377438,0.23521901015921554,3.870733871563835,109.90058635281557
TAIWAN50_0050_EX_LATE_HISTORY_2026_PREVCLOSE_ADJUSTED,FinGAT,5,0.001,10,nextclose_t1_t6_stride5_v2_20260905,drift_full_l1_entry_fee_mark_to_market_v1_20260905,3.248010036998774,0.8560903610035269,0.6866838763677726,0.36224705511304084,1.8956230745712752,0.2395393135677114,3.5739033741596358,109.90058635281557
TAIWAN50_0050_EX_LATE_HISTORY_2026_PREVCLOSE_ADJUSTED,FinGAT,5,0.002,20,nextclose_t1_t6_stride5_v2_20260905,drift_full_l1_entry_fee_mark_to_market_v1_20260905,2.9093425393272163,0.7518313740277538,0.6279755915305677,0.3614397125558932,1.7374283171317466,0.25261414756609835,2.9762045446446406,109.90058635281557
TAIWAN50_0050_EX_LATE_HISTORY_2026_PREVCLOSE_ADJUSTED,FinGAT,5,0.005,50,nextclose_t1_t6_stride5_v2_20260905,drift_full_l1_entry_fee_mark_to_market_v1_20260905,2.0890660466130937,0.47222737735204845,0.4518507370189547,0.35917505407878797,1.258023718205768,0.33361863397199876,1.415470628033575,109.90058635281557
TAIWAN50_0050_EX_LATE_HISTORY_2026_PREVCLOSE_ADJUSTED,FinGAT,6,0.0005,5,nextclose_t1_t6_stride5_v2_20260905,drift_full_l1_entry_fee_mark_to_market_v1_20260905,1.5745603512886204,0.26913738834259293,0.2786423312204718,0.2822438474557513,0.9872396997569834,0.38996880011848367,0.690151079421793,115.97058321705046
TAIWAN50_0050_EX_LATE_HISTORY_2026_PREVCLOSE_ADJUSTED,FinGAT,6,0.001,10,nextclose_t1_t6_stride5_v2_20260905,drift_full_l1_entry_fee_mark_to_market_v1_20260905,1.4857694377432,0.23104660805297406,0.2480372998806985,0.2821496826557812,0.8790982770067498,0.39759492914839767,0.5811105502473313,115.97058321705046
TAIWAN50_0050_EX_LATE_HISTORY_2026_PREVCLOSE_ADJUSTED,FinGAT,6,0.002,20,nextclose_t1_t6_stride5_v2_20260905,drift_full_l1_entry_fee_mark_to_market_v1_20260905,1.32277241521836,0.1581896859219476,0.18682723720115382,0.2819817373874149,0.6625508408172965,0.41257679484733567,0.38341876687582965,115.97058321705046
TAIWAN50_0050_EX_LATE_HISTORY_2026_PREVCLOSE_ADJUSTED,FinGAT,6,0.005,50,nextclose_t1_t6_stride5_v2_20260905,drift_full_l1_entry_fee_mark_to_market_v1_20260905,0.9325678326282643,-0.03598847433213859,0.003197049162517343,0.28164136956746855,0.011351489901597976,0.46308794757022065,-0.0777141243277152,115.97058321705046
TAIWAN50_0050_EX_LATE_HISTORY_2026_PREVCLOSE_ADJUSTED,FinGAT,7,0.0005,5,nextclose_t1_t6_stride5_v2_20260905,drift_full_l1_entry_fee_mark_to_market_v1_20260905,3.2025757601874667,0.8424138572873441,0.670452902586178,0.33786573798796493,1.98437671300681,0.2269439562320712,3.7119907102786995,111.41651257819225
TAIWAN50_0050_EX_LATE_HISTORY_2026_PREVCLOSE_ADJUSTED,FinGAT,7,0.001,10,nextclose_t1_t6_stride5_v2_20260905,drift_full_l1_entry_fee_mark_to_market_v1_20260905,3.028876159991996,0.7892572943168741,0.6408195170996545,0.3377434702790546,1.8973557551540186,0.23439052386430814,3.367274757121947,111.41651257819225
TAIWAN50_0050_EX_LATE_HISTORY_2026_PREVCLOSE_ADJUSTED,FinGAT,7,0.002,20,nextclose_t1_t6_stride5_v2_20260905,drift_full_l1_entry_fee_mark_to_market_v1_20260905,2.7089276414570405,0.6874023028283087,0.5815527461266068,0.33752186339077384,1.7230076306295468,0.262509246799009,2.618583197393501,111.41651257819225
TAIWAN50_0050_EX_LATE_HISTORY_2026_PREVCLOSE_ADJUSTED,FinGAT,7,0.005,50,nextclose_t1_t6_stride5_v2_20260905,drift_full_l1_entry_fee_mark_to_market_v1_20260905,1.936229454260617,0.414660840025032,0.40375243320746357,0.33704096689282914,1.1979328119357284,0.35642895261181207,1.1633758621080383,111.41651257819225
TAIWAN50_0050_EX_LATE_HISTORY_2026_PREVCLOSE_ADJUSTED,FinGAT,8,0.0005,5,nextclose_t1_t6_stride5_v2_20260905,drift_full_l1_entry_fee_mark_to_market_v1_20260905,3.3501068929518314,0.8864956096582426,0.7002674517764715,0.3544547261023924,1.9756188878525014,0.24364368170865913,3.638492094033795,100.39587081607692
TAIWAN50_0050_EX_LATE_HISTORY_2026_PREVCLOSE_ADJUSTED,FinGAT,8,0.001,10,nextclose_t1_t6_stride5_v2_20260905,drift_full_l1_entry_fee_mark_to_market_v1_20260905,3.1859449040846712,0.837384663660345,0.6735549956596939,0.35434834041747487,1.9008272900788705,0.2459218772260373,3.405084058018429,100.39587081607692
TAIWAN50_0050_EX_LATE_HISTORY_2026_PREVCLOSE_ADJUSTED,FinGAT,8,0.002,20,nextclose_t1_t6_stride5_v2_20260905,drift_full_l1_entry_fee_mark_to_market_v1_20260905,2.881097391561339,0.7428817329629949,0.6201300834261394,0.35415461080580163,1.751015134365097,0.25046233603343426,2.966041700033603,100.39587081607692
TAIWAN50_0050_EX_LATE_HISTORY_2026_PREVCLOSE_ADJUSTED,FinGAT,8,0.005,50,nextclose_t1_t6_stride5_v2_20260905,drift_full_l1_entry_fee_mark_to_market_v1_20260905,2.1291173231954654,0.486978833597973,0.4598553467254785,0.3537261007227957,1.3000322729530582,0.33332068035664986,1.4609919584854754,100.39587081607692
TAIWAN50_0050_EX_LATE_HISTORY_2026_PREVCLOSE_ADJUSTED,FinGAT,9,0.0005,5,nextclose_t1_t6_stride5_v2_20260905,drift_full_l1_entry_fee_mark_to_market_v1_20260905,3.229061302771094,0.8503975821047658,0.6727582587767383,0.3312401015322504,2.0310290199305374,0.187147818592184,4.543988749117494,93.79133186991001
TAIWAN50_0050_EX_LATE_HISTORY_2026_PREVCLOSE_ADJUSTED,FinGAT,9,0.001,10,nextclose_t1_t6_stride5_v2_20260905,drift_full_l1_entry_fee_mark_to_market_v1_20260905,3.08100638083149,0.805359159972868,0.6478144794460807,0.3311439869965802,1.9562924434221143,0.19401783492063507,4.150954268211003,93.79133186991001
TAIWAN50_0050_EX_LATE_HISTORY_2026_PREVCLOSE_ADJUSTED,FinGAT,9,0.002,20,nextclose_t1_t6_stride5_v2_20260905,drift_full_l1_entry_fee_mark_to_market_v1_20260905,2.804728445636937,0.7184728694136657,0.5979269207847652,0.33096865805629644,1.8065968067679092,0.20759676534834792,3.4609058971032924,93.79133186991001
TAIWAN50_0050_EX_LATE_HISTORY_2026_PREVCLOSE_ADJUSTED,FinGAT,9,0.005,50,nextclose_t1_t6_stride5_v2_20260905,drift_full_l1_entry_fee_mark_to_market_v1_20260905,2.1145077790924836,0.4816133269588052,0.44826424480082,0.3305781690444691,1.3560007489197508,0.28602559575024533,1.6838119878591045,93.79133186991001
TAIWAN50_0050_EX_LATE_HISTORY_2026_PREVCLOSE_ADJUSTED,FinGAT,10,0.0005,5,nextclose_t1_t6_stride5_v2_20260905,drift_full_l1_entry_fee_mark_to_market_v1_20260905,2.577425758843776,0.643889934860348,0.5537455306469394,0.33295661036014834,1.6631161941730812,0.22742492797678804,2.831219693410505,98.81551184892109
TAIWAN50_0050_EX_LATE_HISTORY_2026_PREVCLOSE_ADJUSTED,FinGAT,10,0.001,10,nextclose_t1_t6_stride5_v2_20260905,drift_full_l1_entry_fee_mark_to_market_v1_20260905,2.4530668879051984,0.6017599479093549,0.5275671134914975,0.33298008538783513,1.5843803778145447,0.23454536436815743,2.5656441751916015,98.81551184892109
TAIWAN50_0050_EX_LATE_HISTORY_2026_PREVCLOSE_ADJUSTED,FinGAT,10,0.002,20,nextclose_t1_t6_stride5_v2_20260905,drift_full_l1_entry_fee_mark_to_market_v1_20260905,2.2218628414700996,0.5206405034437689,0.47521027918061404,0.3330465213542508,1.426858557922448,0.24860454596770132,2.0942517419267563,98.81551184892109
TAIWAN50_0050_EX_LATE_HISTORY_2026_PREVCLOSE_ADJUSTED,FinGAT,10,0.005,50,nextclose_t1_t6_stride5_v2_20260905,drift_full_l1_entry_fee_mark_to_market_v1_20260905,1.6497981798700445,0.3006222538175094,0.31813977624796347,0.33340154259135024,0.9542240679969106,0.3153633078085586,0.9532569147200924,98.81551184892109
TAIWAN50_0050_EX_LATE_HISTORY_2026_PREVCLOSE_ADJUSTED,Buy-and-Hold Equal Weight,deterministic,0.0005,5,nextclose_t1_t6_stride5_v2_20260905,drift_full_l1_entry_fee_mark_to_market_v1_20260905,1.8957249157291927,0.3990461542138466,0.3549173786445264,0.1895551144193645,1.872370364322224,0.18009087409925684,2.2158044165742283,1.0000000000000115
TAIWAN50_0050_EX_LATE_HISTORY_2026_PREVCLOSE_ADJUSTED,Buy-and-Hold Equal Weight,deterministic,0.001,10,nextclose_t1_t6_stride5_v2_20260905,drift_full_l1_entry_fee_mark_to_market_v1_20260905,1.8947765791030131,0.3986786772164226,0.35465639705925467,0.1895739928062047,1.8708072336789798,0.18009087409925695,2.2137639078629334,1.0000000000000115
TAIWAN50_0050_EX_LATE_HISTORY_2026_PREVCLOSE_ADJUSTED,Buy-and-Hold Equal Weight,deterministic,0.002,20,nextclose_t1_t6_stride5_v2_20260905,drift_full_l1_entry_fee_mark_to_market_v1_20260905,1.892879905850656,0.397943461036413,0.35413443388871135,0.18961379658728766,1.8676617433040403,0.18009087409925706,2.209681434591108,1.0000000000000115
TAIWAN50_0050_EX_LATE_HISTORY_2026_PREVCLOSE_ADJUSTED,Buy-and-Hold Equal Weight,deterministic,0.005,50,nextclose_t1_t6_stride5_v2_20260905,drift_full_l1_entry_fee_mark_to_market_v1_20260905,1.8871898860935912,0.39573571035792265,0.35256854437708146,0.18974956786883482,1.8580729765919464,0.18009087409925684,2.1974223421216417,1.0000000000000115
