dataset,method,fee,fee_bps,n,seed_scope,APV_mean,APV_std,GARR_mean,GARR_std,ARR_mean,ARR_std,AVol_mean,AVol_std,ASR_mean,ASR_std,MDD_mean,MDD_std,Calmar_mean,Calmar_std,Turnover_mean,Turnover_std
DJIA30_2026,Buy-and-Hold Equal Weight,0.0005,5,1,deterministic,1.4712738680308577,0.0,0.2148356687899391,0.0,0.2045672277860449,0.0,0.13828327785319144,0.0,1.4793345295388778,0.0,0.15206653127006964,0.0,1.4127741784837038,0.0,1.0000000000000113,0.0
DJIA30_2026,Buy-and-Hold Equal Weight,0.001,10,1,deterministic,1.4705378630943748,0.0,0.21452933904688032,0.0,0.2043123819109962,0.0,0.13827121762825983,0.0,1.4776204723985804,0.0,0.15206653127006986,0.0,1.4107597329610724,0.0,1.0000000000000113,0.0
DJIA30_2026,Buy-and-Hold Equal Weight,0.002,20,1,deterministic,1.4690658532214067,0.0,0.2139164513379821,0.0,0.20380269016089886,0.0,0.13824989033350402,0.0,1.4741616768683146,0.0,0.15206653127006986,0.0,1.4067293411070638,0.0,1.0000000000000113,0.0
DJIA30_2026,Buy-and-Hold Equal Weight,0.005,50,1,deterministic,1.4646498236025038,0.0,0.21207595831735904,0.0,0.20227361491060716,0.0,0.1382082675133254,0.0,1.463542077112752,0.0,0.15206653127006986,0.0,1.3946261320363291,0.0,1.0000000000000113,0.0
DJIA30_2026,FinGAT,0.0005,5,10,001-010,1.3450863036209177,0.1547630705979594,0.15940929162799553,0.06762118354786821,0.16267023334119787,0.061041240222738435,0.1780065371645281,0.019431111081831327,0.9044686912239353,0.3033327242681823,0.19343955001644858,0.03177740952490894,0.8345184516715911,0.35998175150103073,126.59060519133473,14.350303852561163
DJIA30_2026,FinGAT,0.001,10,10,001-010,1.262410514903979,0.1437479487971538,0.12295165606777496,0.06502745893980051,0.13064590254478237,0.06071713546334834,0.17791214134574657,0.019395626952060617,0.7234772408611763,0.310240687767184,0.20492919617947608,0.030838627814825825,0.6047401180559822,0.3250157190461276,126.59060519133473,14.350303852561163
DJIA30_2026,FinGAT,0.002,20,10,001-010,1.1120016144149676,0.12556929795110333,0.05340656010847204,0.06085915707082819,0.06659724095195113,0.060725870515071396,0.17775554854498754,0.01932586247306339,0.36081268832742747,0.3297499826206767,0.23463554560445013,0.028375239971505574,0.23522808165988307,0.2668588311408977,126.59060519133473,14.350303852561163
DJIA30_2026,FinGAT,0.005,50,10,001-010,0.7600670850572115,0.09227609461032842,-0.1306552627239139,0.054592773587545634,-0.12554874382654183,0.06580805250898451,0.177544176418643,0.019126681063411054,-0.7302898185225202,0.42403271524648656,0.356388753448572,0.04946056541534916,-0.35727236222356434,0.10448710131932834,126.59060519133473,14.350303852561163
DJIA30_2026,Proposed Feedback + Reliability-policy,0.0005,5,10,001-010,2.4613422039033734,0.2884929722846144,0.5720198686111552,0.09440680061054564,0.4975807292195231,0.07179943642430477,0.29995269471534997,0.0381468729767352,1.6569552894552537,0.09781215619403813,0.2630341945378321,0.030513110971230457,2.182651729548156,0.3276760528000527,23.686472681198495,7.196546630556922
DJIA30_2026,Proposed Feedback + Reliability-policy,0.001,10,10,001-010,2.4325200536165004,0.28633956523949183,0.5626900874890228,0.09431497671292138,0.4915484206876478,0.07211106163801427,0.29989783055136543,0.03815011584922207,1.6368306791162404,0.10073164134034537,0.2642321432320512,0.03086776411052311,2.1380907329972483,0.3294154754250423,23.686472681198495,7.196546630556922
DJIA30_2026,Proposed Feedback + Reliability-policy,0.002,20,10,001-010,2.375943494677176,0.2826392101064801,0.5442040432608222,0.09433448092595256,0.47948380362389803,0.0728669786551513,0.29979235093005985,0.038155923782062694,1.5965376217036746,0.10781244377595556,0.2666197943499079,0.031635438848911866,2.050971482919004,0.33322831480452664,23.686472681198495,7.196546630556922
DJIA30_2026,Proposed Feedback + Reliability-policy,0.005,50,10,001-010,2.21442748539155,0.27567256201702417,0.49010737834167484,0.09583052009846264,0.4432899524326482,0.07614173223908019,0.29950995022838334,0.038167959381164,1.4753318446311714,0.13638517664603655,0.2738791173811683,0.03433840897772088,1.803414500640669,0.3450360166709889,23.686472681198495,7.196546630556922
SP500_TOP50_EX_PLTR_2026,Buy-and-Hold Equal Weight,0.0005,5,1,deterministic,1.6134133309739613,0.0,0.2757377806737833,0.0,0.2556550117229114,0.0,0.15169230119517282,0.0,1.6853525835432899,0.0,0.17758455209096213,0.0,1.5527126511124978,0.0,1.0000000000000084,0.0
SP500_TOP50_EX_PLTR_2026,Buy-and-Hold Equal Weight,0.001,10,1,deterministic,1.6126062207533627,0.0,0.2754128450692388,0.0,0.2553948675778995,0.0,0.15166430502625028,0.0,1.6839484250014884,0.0,0.1775845520909619,0.0,1.5508828995900923,0.0,1.0000000000000084,0.0
SP500_TOP50_EX_PLTR_2026,Buy-and-Hold Equal Weight,0.002,20,1,deterministic,1.6109920003121705,0.0,0.27476273426082054,0.0,0.2548745792878757,0.0,0.151610927612247,0.0,1.6811095565600058,0.0,0.1775845520909619,0.0,1.5472220473325984,0.0,1.0000000000000084,0.0
SP500_TOP50_EX_PLTR_2026,Buy-and-Hold Equal Weight,0.005,50,1,deterministic,1.6061493389885864,0.0,0.27281048073897285,0.0,0.25331371441780426,0.0,0.15147174657990287,0.0,1.6723495974490445,0.0,0.1775845520909619,0.0,1.5362286726338368,0.0,1.0000000000000084,0.0
SP500_TOP50_EX_PLTR_2026,FinGAT,0.0005,5,10,001-010,1.473714938509792,0.30060263224470596,0.21260919372637507,0.12574637863949983,0.2178885497100715,0.10387775014722161,0.24291155451186341,0.021258002665199064,0.9014086067943126,0.4265551136342815,0.23663438986608823,0.0662098927438543,0.9950071849403572,0.7022363679201041,140.47867348121633,17.37907508367474
SP500_TOP50_EX_PLTR_2026,FinGAT,0.001,10,10,001-010,1.3734808975023105,0.2796845848598742,0.1699256417692841,0.12099099544404517,0.18193799177503533,0.10328631012624095,0.242709439182954,0.02120198226262625,0.7536612411273493,0.425226719990653,0.2461793375140255,0.0696522784122748,0.7846998489130438,0.6512337900447246,140.47867348121633,17.37907508367474
SP500_TOP50_EX_PLTR_2026,FinGAT,0.002,20,10,001-010,1.1930608705490617,0.243695606627821,0.08898067874737761,0.11268209444126796,0.11003687590496321,0.10267444208819165,0.2423334149879084,0.02108705845107129,0.4573931597743369,0.4247038511528406,0.26901620954144334,0.07706978593037124,0.4196067458540962,0.5466539300564623,140.47867348121633,17.37907508367474
SP500_TOP50_EX_PLTR_2026,FinGAT,0.005,50,10,001-010,0.7822693526006759,0.16911482915077297,-0.12198304975824178,0.09525390090337352,-0.10566647170525385,0.1054334581691036,0.241432368444207,0.02072003758148413,-0.436384617306887,0.43988733928368556,0.3985827384521907,0.106422375364842,-0.2631370232385028,0.20633905749787934,140.47867348121633,17.37907508367474
SP500_TOP50_EX_PLTR_2026,Proposed Feedback + Reliability-policy,0.0005,5,10,001-010,2.020614239776145,0.30860374397275653,0.42699877472102193,0.1089486591917818,0.432373354588141,0.09069117888133352,0.39505371690709057,0.08571701967237345,1.1137100242407734,0.22136622212658189,0.3600169260496756,0.07552017800361532,1.2289818038250646,0.38231197984950893,38.73117704430181,10.907188779135682
SP500_TOP50_EX_PLTR_2026,Proposed Feedback + Reliability-policy,0.001,10,10,001-010,1.9824437673621809,0.3072800913561247,0.4131036538866337,0.10950605705938718,0.4224264158153182,0.0919358029659902,0.3949752572251878,0.08567139291737007,1.087390186745749,0.2210834133574744,0.3618611195823118,0.07505540322557988,1.180934322320517,0.37141342346034883,38.73117704430181,10.907188779135682
SP500_TOP50_EX_PLTR_2026,Proposed Feedback + Reliability-policy,0.002,20,10,001-010,1.9083781207818677,0.30541604472452005,0.38573581620572917,0.11090731390777793,0.4025325382696717,0.09462595024288892,0.39482401940638173,0.08557927631710611,1.0347053784355484,0.22160203863341163,0.36553410335268793,0.07413647868812936,1.087986542002862,0.3526310922133657,38.73117704430181,10.907188779135682
SP500_TOP50_EX_PLTR_2026,Proposed Feedback + Reliability-policy,0.005,50,10,001-010,1.703286581801321,0.30437378453878006,0.30690793909577907,0.11688301260972166,0.3428509056327336,0.10410525411128095,0.39441582477095866,0.08529603685008957,0.8763221109211126,0.23163146719149816,0.3764308007445446,0.07146484913630186,0.8323246466586672,0.3177278267580248,38.73117704430181,10.907188779135682
TAIWAN50_0050_EX_LATE_HISTORY_2026_PREVCLOSE_ADJUSTED,Buy-and-Hold Equal Weight,0.0005,5,1,deterministic,1.8957249157291927,0.0,0.3990461542138466,0.0,0.3549173786445264,0.0,0.1895551144193645,0.0,1.872370364322224,0.0,0.18009087409925684,0.0,2.2158044165742283,0.0,1.0000000000000115,0.0
TAIWAN50_0050_EX_LATE_HISTORY_2026_PREVCLOSE_ADJUSTED,Buy-and-Hold Equal Weight,0.001,10,1,deterministic,1.8947765791030131,0.0,0.3986786772164226,0.0,0.35465639705925467,0.0,0.1895739928062047,0.0,1.8708072336789798,0.0,0.18009087409925695,0.0,2.2137639078629334,0.0,1.0000000000000115,0.0
TAIWAN50_0050_EX_LATE_HISTORY_2026_PREVCLOSE_ADJUSTED,Buy-and-Hold Equal Weight,0.002,20,1,deterministic,1.892879905850656,0.0,0.397943461036413,0.0,0.35413443388871135,0.0,0.18961379658728766,0.0,1.8676617433040403,0.0,0.18009087409925706,0.0,2.209681434591108,0.0,1.0000000000000115,0.0
TAIWAN50_0050_EX_LATE_HISTORY_2026_PREVCLOSE_ADJUSTED,Buy-and-Hold Equal Weight,0.005,50,1,deterministic,1.8871898860935912,0.0,0.39573571035792265,0.0,0.35256854437708146,0.0,0.18974956786883482,0.0,1.8580729765919464,0.0,0.18009087409925684,0.0,2.1974223421216417,0.0,1.0000000000000115,0.0
TAIWAN50_0050_EX_LATE_HISTORY_2026_PREVCLOSE_ADJUSTED,FinGAT,0.0005,5,10,001-010,3.151270863827927,0.7435779919255754,0.8140320646599495,0.2389477858677691,0.6490078022896733,0.15308672929220662,0.3448695080637382,0.02807330239066403,1.859833567832845,0.340760791729692,0.24148723770224417,0.05482974446692535,3.57656594591663,1.1876070454608225,101.79232971653677,9.846924438667134
TAIWAN50_0050_EX_LATE_HISTORY_2026_PREVCLOSE_ADJUSTED,FinGAT,0.001,10,10,001-010,2.996901092213146,0.7169059710586015,0.7665191874719205,0.23553894318521273,0.6219378756402817,0.1546539532888463,0.34471924345836824,0.027992735180712255,1.781293229034522,0.352313543344549,0.24862318615386575,0.05438912809373362,3.269804054608091,1.1264409511059805,101.79232971653677,9.846924438667134
TAIWAN50_0050_EX_LATE_HISTORY_2026_PREVCLOSE_ADJUSTED,FinGAT,0.002,20,10,001-010,2.710418528851018,0.6668306593174064,0.6751435889096398,0.22895689753251558,0.5677980223414992,0.15786799766521448,0.3444384094210119,0.027833581375439117,1.62392676798468,0.37569581259914736,0.2674979699981764,0.05389401967467298,2.6774369913740097,1.0145703806487907,101.79232971653677,9.846924438667134
TAIWAN50_0050_EX_LATE_HISTORY_2026_PREVCLOSE_ADJUSTED,FinGAT,0.005,50,10,001-010,2.004730690315579,0.5386794035618403,0.42806619031030146,0.21076243505468847,0.4053784624451513,0.16809099016783666,0.34375395873864156,0.027373147529964444,1.1498594289054667,0.4474325853805282,0.34337437095528445,0.05211481359057641,1.3342277098713284,0.7530141273822116,101.79232971653677,9.846924438667134
TAIWAN50_0050_EX_LATE_HISTORY_2026_PREVCLOSE_ADJUSTED,Proposed Feedback + Reliability-policy,0.0005,5,10,001-010,2.5774977735466655,0.3471015082273755,0.6404720955218679,0.11776788997006235,0.5379466043617119,0.07776542355502114,0.2936661359558771,0.03404046651861757,1.8407397025515508,0.24828061668656845,0.2567457968060288,0.03960540987355761,2.5689086737333797,0.7026301125547147,53.831909391178236,16.464955386160128
TAIWAN50_0050_EX_LATE_HISTORY_2026_PREVCLOSE_ADJUSTED,Proposed Feedback + Reliability-policy,0.001,10,10,001-010,2.509384922917504,0.34011301099052604,0.6175130735055523,0.11705291236774068,0.5236461186767929,0.07852786707302081,0.2935361410155338,0.03403721375065371,1.7917749618864907,0.24785609777408973,0.26091291902305414,0.04168574500754279,2.44417815833731,0.6992299108459592,53.831909391178236,16.464955386160128
TAIWAN50_0050_EX_LATE_HISTORY_2026_PREVCLOSE_ADJUSTED,Proposed Feedback + Reliability-policy,0.002,20,10,001-010,2.3788808058056072,0.33026084535369543,0.5726095344810286,0.11681931997487374,0.49504514730695465,0.08074671938872782,0.2932867715778621,0.034028898476100834,1.6936318482004293,0.25095281023529,0.2695780119211026,0.04654278406048664,2.209984279032899,0.6994743814291815,53.831909391178236,16.464955386160128
TAIWAN50_0050_EX_LATE_HISTORY_2026_PREVCLOSE_ADJUSTED,Proposed Feedback + Reliability-policy,0.005,50,10,001-010,2.0292029101713998,0.3232760591986882,0.44564555983648335,0.12329122394758309,0.4092422331974401,0.0922001649973887,0.2926239535233982,0.03398933674850343,1.3976344136268843,0.2892816070531616,0.30002259571609197,0.06482032824175075,1.5926144959833717,0.6897960498721226,53.831909391178236,16.464955386160128
